INFO: 2025-11-18 12:29:56,641: main() 'Using profile folder /home/arthur.wambst/.config/variety/'
INFO: 2025-11-18 12:29:56,643: perform_upgrade() 'Last run version was 0.8.13 or earlier, current version is 0.8.13'
INFO: 2025-11-18 12:29:56,672: process_command() 'Received command: []'
INFO: 2025-11-18 12:29:56,673: start() 'Using data_path /nix/store/x1w5qm65s5rzzzmg08vzzlfc9f148rs9-variety-0.8.13/share/variety'
INFO: 2025-11-18 12:29:56,673: load() 'Jumble loading'
INFO: 2025-11-18 12:29:56,673: _walk_modules() 'Jumble loading module in __init__ from /nix/store/x1w5qm65s5rzzzmg08vzzlfc9f148rs9-variety-0.8.13/lib/python3.13/site-packages/variety/plugins/builtin/__init__.py'
INFO: 2025-11-18 12:29:56,673: _walk_modules() 'Jumble loading module in GnomeDisplayModesPlugin from /nix/store/x1w5qm65s5rzzzmg08vzzlfc9f148rs9-variety-0.8.13/lib/python3.13/site-packages/variety/plugins/builtin/display_modes/GnomeDisplayModesPlugin.py'
INFO: 2025-11-18 12:29:56,674: load() 'Jumble found plugin class: <class 'GnomeDisplayModesPlugin.GnomeDisplayModesPlugin'>: {'name': 'GnomeDisplayModesPlugin', 'description': 'Display modes relying on the underlying desktop environment', 'version': '1.0', 'author': 'Peter Levi'}'
INFO: 2025-11-18 12:29:56,674: _walk_modules() 'Jumble loading module in LegacyDisplayModesPlugin from /nix/store/x1w5qm65s5rzzzmg08vzzlfc9f148rs9-variety-0.8.13/lib/python3.13/site-packages/variety/plugins/builtin/display_modes/LegacyDisplayModesPlugin.py'
INFO: 2025-11-18 12:29:56,674: load() 'Jumble found plugin class: <class 'LegacyDisplayModesPlugin.LegacyDisplayModesPlugin'>: {'name': 'LegacyDisplayModesPlugin', 'description': 'Legacy display mode for compatibility with past Variety versions', 'version': '1.0', 'author': 'Peter Levi'}'
INFO: 2025-11-18 12:29:56,674: _walk_modules() 'Jumble loading module in ResizingDisplayModesPlugin from /nix/store/x1w5qm65s5rzzzmg08vzzlfc9f148rs9-variety-0.8.13/lib/python3.13/site-packages/variety/plugins/builtin/display_modes/ResizingDisplayModesPlugin.py'
INFO: 2025-11-18 12:29:56,674: load() 'Jumble found plugin class: <class 'ResizingDisplayModesPlugin.ResizingDisplayModesPlugin'>: {'name': 'ResizingDisplayModesPlugin', 'description': 'Display modes that use image resizing within Variety', 'version': '1.0', 'author': 'Peter Levi'}'
INFO: 2025-11-18 12:29:56,674: _walk_modules() 'Jumble loading module in __init__ from /nix/store/x1w5qm65s5rzzzmg08vzzlfc9f148rs9-variety-0.8.13/lib/python3.13/site-packages/variety/plugins/builtin/display_modes/__init__.py'
INFO: 2025-11-18 12:29:56,674: _walk_modules() 'Jumble loading module in APODDownloader from /nix/store/x1w5qm65s5rzzzmg08vzzlfc9f148rs9-variety-0.8.13/lib/python3.13/site-packages/variety/plugins/builtin/downloaders/APODDownloader.py'
INFO: 2025-11-18 12:29:56,675: load() 'Jumble found plugin class: <class 'APODDownloader.APODDownloader'>: {'name': 'APODDownloader', 'description': 'NASA Astro Pic of the Day', 'author': 'Peter Levi', 'version': '0.1'}'
INFO: 2025-11-18 12:29:56,675: _walk_modules() 'Jumble loading module in ArtStationDownloader from /nix/store/x1w5qm65s5rzzzmg08vzzlfc9f148rs9-variety-0.8.13/lib/python3.13/site-packages/variety/plugins/builtin/downloaders/ArtStationDownloader.py'
INFO: 2025-11-18 12:29:56,675: _walk_modules() 'Jumble loading module in ArtStationSource from /nix/store/x1w5qm65s5rzzzmg08vzzlfc9f148rs9-variety-0.8.13/lib/python3.13/site-packages/variety/plugins/builtin/downloaders/ArtStationSource.py'
INFO: 2025-11-18 12:29:56,676: load() 'Jumble found plugin class: <class 'ArtStationSource.ArtStationSource'>: {'name': 'ArtStationSource', 'description': 'Configurable source for fetching images from ArtStation', 'author': 'Denis Gordeev', 'version': '0.1'}'
INFO: 2025-11-18 12:29:56,676: _walk_modules() 'Jumble loading module in BingDownloader from /nix/store/x1w5qm65s5rzzzmg08vzzlfc9f148rs9-variety-0.8.13/lib/python3.13/site-packages/variety/plugins/builtin/downloaders/BingDownloader.py'
INFO: 2025-11-18 12:29:56,676: load() 'Jumble found plugin class: <class 'BingDownloader.BingDownloader'>: {'name': 'BingDownloader', 'description': 'Bing Photo of the Day', 'author': 'Peter Levi', 'version': '0.1'}'
INFO: 2025-11-18 12:29:56,676: _walk_modules() 'Jumble loading module in EarthviewDownloader from /nix/store/x1w5qm65s5rzzzmg08vzzlfc9f148rs9-variety-0.8.13/lib/python3.13/site-packages/variety/plugins/builtin/downloaders/EarthviewDownloader.py'
INFO: 2025-11-18 12:29:56,677: load() 'Jumble found plugin class: <class 'EarthviewDownloader.EarthviewDownloader'>: {'name': 'EarthviewDownloader', 'description': 'Google Earth View Wallpapers', 'author': 'Peter Levi', 'version': '0.1'}'
INFO: 2025-11-18 12:29:56,677: _walk_modules() 'Jumble loading module in MediaRSSDownloader from /nix/store/x1w5qm65s5rzzzmg08vzzlfc9f148rs9-variety-0.8.13/lib/python3.13/site-packages/variety/plugins/builtin/downloaders/MediaRSSDownloader.py'
INFO: 2025-11-18 12:29:56,677: _walk_modules() 'Jumble loading module in MediaRSSSource from /nix/store/x1w5qm65s5rzzzmg08vzzlfc9f148rs9-variety-0.8.13/lib/python3.13/site-packages/variety/plugins/builtin/downloaders/MediaRSSSource.py'
INFO: 2025-11-18 12:29:56,677: load() 'Jumble found plugin class: <class 'MediaRSSSource.MediaRSSSource'>: {'name': 'MediaRSSSource', 'description': 'Configurable source for fetching images from MediaRSS feeds', 'author': 'Peter Levi', 'version': '0.1'}'
INFO: 2025-11-18 12:29:56,677: _walk_modules() 'Jumble loading module in NationalGeographicDownloader from /nix/store/x1w5qm65s5rzzzmg08vzzlfc9f148rs9-variety-0.8.13/lib/python3.13/site-packages/variety/plugins/builtin/downloaders/NationalGeographicDownloader.py'
INFO: 2025-11-18 12:29:56,678: load() 'Jumble found plugin class: <class 'NationalGeographicDownloader.NationalGeographicDownloader'>: {'name': 'NationalGeographicDownloader', 'description': "National Geographic's photo of the day", 'author': 'Eric Rösch', 'version': '0.1'}'
INFO: 2025-11-18 12:29:56,678: _walk_modules() 'Jumble loading module in RedditDownloader from /nix/store/x1w5qm65s5rzzzmg08vzzlfc9f148rs9-variety-0.8.13/lib/python3.13/site-packages/variety/plugins/builtin/downloaders/RedditDownloader.py'
INFO: 2025-11-18 12:29:56,678: _walk_modules() 'Jumble loading module in RedditSource from /nix/store/x1w5qm65s5rzzzmg08vzzlfc9f148rs9-variety-0.8.13/lib/python3.13/site-packages/variety/plugins/builtin/downloaders/RedditSource.py'
INFO: 2025-11-18 12:29:56,678: load() 'Jumble found plugin class: <class 'RedditSource.RedditSource'>: {'name': 'RedditSource', 'description': 'Configurable source for fetching images from Reddit', 'author': 'Peter Levi', 'version': '0.1'}'
INFO: 2025-11-18 12:29:56,679: _walk_modules() 'Jumble loading module in UnsplashConfigurableSource from /nix/store/x1w5qm65s5rzzzmg08vzzlfc9f148rs9-variety-0.8.13/lib/python3.13/site-packages/variety/plugins/builtin/downloaders/UnsplashConfigurableSource.py'
INFO: 2025-11-18 12:29:56,679: load() 'Jumble found plugin class: <class 'UnsplashConfigurableSource.UnsplashConfigurableSource'>: {'name': 'UnsplashConfigurableSource', 'description': 'Configurable source for fetching photos from Unsplash.com', 'author': 'Peter Levi', 'version': '0.1'}'
INFO: 2025-11-18 12:29:56,679: _walk_modules() 'Jumble loading module in UnsplashDownloader from /nix/store/x1w5qm65s5rzzzmg08vzzlfc9f148rs9-variety-0.8.13/lib/python3.13/site-packages/variety/plugins/builtin/downloaders/UnsplashDownloader.py'
INFO: 2025-11-18 12:29:56,679: load() 'Jumble found plugin class: <class 'UnsplashDownloader.UnsplashDownloader'>: {'name': 'UnsplashDownloader', 'description': 'High-resolution photos from Unsplash.com', 'author': 'Peter Levi', 'version': '0.1'}'
INFO: 2025-11-18 12:29:56,680: _walk_modules() 'Jumble loading module in WallhavenDownloader from /nix/store/x1w5qm65s5rzzzmg08vzzlfc9f148rs9-variety-0.8.13/lib/python3.13/site-packages/variety/plugins/builtin/downloaders/WallhavenDownloader.py'
INFO: 2025-11-18 12:29:56,680: _walk_modules() 'Jumble loading module in WallhavenLegacyDownloader from /nix/store/x1w5qm65s5rzzzmg08vzzlfc9f148rs9-variety-0.8.13/lib/python3.13/site-packages/variety/plugins/builtin/downloaders/WallhavenLegacyDownloader.py'
INFO: 2025-11-18 12:29:56,680: _walk_modules() 'Jumble loading module in WallhavenSource from /nix/store/x1w5qm65s5rzzzmg08vzzlfc9f148rs9-variety-0.8.13/lib/python3.13/site-packages/variety/plugins/builtin/downloaders/WallhavenSource.py'
INFO: 2025-11-18 12:29:56,681: load() 'Jumble found plugin class: <class 'WallhavenSource.WallhavenSource'>: {'name': 'WallhavenSource', 'description': 'Configurable source for fetching images from Wallhaven.cc', 'author': 'Peter Levi', 'version': '0.1'}'
INFO: 2025-11-18 12:29:56,681: _walk_modules() 'Jumble loading module in __init__ from /nix/store/x1w5qm65s5rzzzmg08vzzlfc9f148rs9-variety-0.8.13/lib/python3.13/site-packages/variety/plugins/builtin/downloaders/__init__.py'
INFO: 2025-11-18 12:29:56,681: _walk_modules() 'Jumble loading module in FortuneSource from /nix/store/x1w5qm65s5rzzzmg08vzzlfc9f148rs9-variety-0.8.13/lib/python3.13/site-packages/variety/plugins/builtin/quotes/FortuneSource.py'
INFO: 2025-11-18 12:29:56,681: load() 'Jumble found plugin class: <class 'FortuneSource.FortuneSource'>: {'name': 'UNIX fortune program', 'description': 'Displays quotes using the UNIX fortune program. You may want to install additional fortune packs, e.g. fortunes-bofh-excuses.', 'author': 'Dan Jones', 'version': '0.1'}'
INFO: 2025-11-18 12:29:56,682: _walk_modules() 'Jumble loading module in GoodreadsSource from /nix/store/x1w5qm65s5rzzzmg08vzzlfc9f148rs9-variety-0.8.13/lib/python3.13/site-packages/variety/plugins/builtin/quotes/GoodreadsSource.py'
INFO: 2025-11-18 12:29:56,701: load() 'Jumble found plugin class: <class 'GoodreadsSource.GoodreadsSource'>: {'name': 'Goodreads', 'description': 'Fetches quotes from Goodreads.com', 'author': 'Peter Levi', 'version': '0.1'}'
INFO: 2025-11-18 12:29:56,701: _walk_modules() 'Jumble loading module in LocalFilesSource from /nix/store/x1w5qm65s5rzzzmg08vzzlfc9f148rs9-variety-0.8.13/lib/python3.13/site-packages/variety/plugins/builtin/quotes/LocalFilesSource.py'
INFO: 2025-11-18 12:29:56,702: load() 'Jumble found plugin class: <class 'LocalFilesSource.LocalFilesSource'>: {'name': 'Local text files', 'description': 'Displays quotes, defined in local text files.\nPut your own txt files in: ~/.config/variety/pluginconfig/quotes/.\nThe file format is:\n\nquote -- author\n.\nsecond quote -- another author\n.\netc...\n\nExample: http://rvelthuis.de/zips/quotes.txt', 'author': 'Peter Levi', 'version': '0.1'}'
INFO: 2025-11-18 12:29:56,702: _walk_modules() 'Jumble loading module in QuotationsPageSource from /nix/store/x1w5qm65s5rzzzmg08vzzlfc9f148rs9-variety-0.8.13/lib/python3.13/site-packages/variety/plugins/builtin/quotes/QuotationsPageSource.py'
INFO: 2025-11-18 12:29:56,702: load() 'Jumble found plugin class: <class 'QuotationsPageSource.QuotationsPageSource'>: {'name': 'TheQuotationsPage.com', 'description': 'Fetches quotes from TheQuotationsPage.com', 'author': 'Peter Levi', 'version': '0.1'}'
INFO: 2025-11-18 12:29:56,702: _walk_modules() 'Jumble loading module in UrbanDictionarySource from /nix/store/x1w5qm65s5rzzzmg08vzzlfc9f148rs9-variety-0.8.13/lib/python3.13/site-packages/variety/plugins/builtin/quotes/UrbanDictionarySource.py'
INFO: 2025-11-18 12:29:56,702: load() 'Jumble found plugin class: <class 'UrbanDictionarySource.UrbanDictionarySource'>: {'name': 'Urban Dictionary', 'description': 'Displays definitions from Urban Dictionary', 'author': 'James Miller', 'version': '0.1'}'
INFO: 2025-11-18 12:29:56,702: _walk_modules() 'Jumble loading module in __init__ from /nix/store/x1w5qm65s5rzzzmg08vzzlfc9f148rs9-variety-0.8.13/lib/python3.13/site-packages/variety/plugins/builtin/quotes/__init__.py'
ERROR: 2025-11-18 12:29:56,703: get_xdg_pictures_folder() 'Could not get path to Pictures folder. Defaulting to ~/Pictures.'
Traceback (most recent call last):
  File "/nix/store/x1w5qm65s5rzzzmg08vzzlfc9f148rs9-variety-0.8.13/lib/python3.13/site-packages/variety/Util.py", line 818, in get_xdg_pictures_folder
    raise Exception("Could not get path to Pictures folder. Defaulting to ~/Pictures.")
Exception: Could not get path to Pictures folder. Defaulting to ~/Pictures.
ERROR: 2025-11-18 12:29:56,704: get_xdg_pictures_folder() 'Could not get path to Pictures folder. Defaulting to ~/Pictures.'
Traceback (most recent call last):
  File "/nix/store/x1w5qm65s5rzzzmg08vzzlfc9f148rs9-variety-0.8.13/lib/python3.13/site-packages/variety/Util.py", line 818, in get_xdg_pictures_folder
    raise Exception("Could not get path to Pictures folder. Defaulting to ~/Pictures.")
Exception: Could not get path to Pictures folder. Defaulting to ~/Pictures.
INFO: 2025-11-18 12:29:56,712: log_options() 'Loaded options:'
INFO: 2025-11-18 12:29:56,712: log_options() 'change_enabled = True'
INFO: 2025-11-18 12:29:56,712: log_options() 'change_interval = 300'
INFO: 2025-11-18 12:29:56,712: log_options() 'change_on_start = False'
INFO: 2025-11-18 12:29:56,712: log_options() 'clipboard_enabled = False'
INFO: 2025-11-18 12:29:56,712: log_options() 'clipboard_hosts = ['wallhaven.cc', 'wallpapers.net', 'flickr.com', 'imgur.com', 'deviantart.com', 'interfacelift.com', 'vladstudio.com', 'imageshack.us', 'deviantart.net', 'imageshack.com']'
INFO: 2025-11-18 12:29:56,712: log_options() 'clipboard_use_whitelist = True'
INFO: 2025-11-18 12:29:56,712: log_options() 'clock_date_font = Serif 30'
INFO: 2025-11-18 12:29:56,712: log_options() 'clock_enabled = False'
INFO: 2025-11-18 12:29:56,712: log_options() 'clock_filter = -density 100 -font `fc-match -f '%{file[0]}' '%CLOCK_FONT_NAME'` -pointsize %CLOCK_FONT_SIZE -gravity SouthEast -fill '#00000044' -annotate 0x0+[%HOFFSET+58]+[%VOFFSET+108] '%H:%M' -fill white -annotate 0x0+[%HOFFSET+60]+[%VOFFSET+110] '%H:%M' -font `fc-match -f '%{file[0]}' '%DATE_FONT_NAME'` -pointsize %DATE_FONT_SIZE -fill '#00000044' -annotate 0x0+[%HOFFSET+58]+[%VOFFSET+58] '%A, %B %d' -fill white -annotate 0x0+[%HOFFSET+60]+[%VOFFSET+60] '%A, %B %d''
INFO: 2025-11-18 12:29:56,712: log_options() 'clock_font = Serif 70'
INFO: 2025-11-18 12:29:56,712: log_options() 'configfile = /home/arthur.wambst/.config/variety/variety.conf'
INFO: 2025-11-18 12:29:56,712: log_options() 'copyto_enabled = False'
INFO: 2025-11-18 12:29:56,712: log_options() 'copyto_folder = Default'
INFO: 2025-11-18 12:29:56,712: log_options() 'desired_color = [160, 160, 160]'
INFO: 2025-11-18 12:29:56,712: log_options() 'desired_color_enabled = False'
INFO: 2025-11-18 12:29:56,712: log_options() 'download_folder = /home/arthur.wambst/.config/variety/Downloaded'
INFO: 2025-11-18 12:29:56,712: log_options() 'download_preference_ratio = 0.9'
INFO: 2025-11-18 12:29:56,712: log_options() 'favorites_folder = /home/arthur.wambst/.config/variety/Favorites'
INFO: 2025-11-18 12:29:56,713: log_options() 'favorites_operations = [['Downloaded', 'Copy'], ['Fetched', 'Move'], ['Others', 'Copy']]'
INFO: 2025-11-18 12:29:56,713: log_options() 'fetched_folder = /home/arthur.wambst/.config/variety/Fetched'
INFO: 2025-11-18 12:29:56,713: log_options() 'filters = [[True, 'Keep original', ''], [False, 'Grayscale', '-type Grayscale'], [False, 'Heavy blur', '-scale 20% -blur 0x10 -resize 500%'], [False, 'Soft blur', '-scale 20% -blur 0x2 -resize 500%'], [False, 'Oil painting', '-paint 8'], [False, 'Pointilism', '-spread 10 -noise 3'], [False, 'Pixellate', '-scale 3% -scale 3333%']]'
INFO: 2025-11-18 12:29:56,713: log_options() 'get_wallpaper_script = /home/arthur.wambst/.config/variety/scripts/get_wallpaper'
INFO: 2025-11-18 12:29:56,713: log_options() 'icon = Light'
INFO: 2025-11-18 12:29:56,713: log_options() 'internet_enabled = False'
INFO: 2025-11-18 12:29:56,713: log_options() 'lightness_enabled = False'
INFO: 2025-11-18 12:29:56,713: log_options() 'lightness_mode = 0'
INFO: 2025-11-18 12:29:56,713: log_options() 'min_rating = 4'
INFO: 2025-11-18 12:29:56,713: log_options() 'min_rating_enabled = False'
INFO: 2025-11-18 12:29:56,713: log_options() 'min_size = 80'
INFO: 2025-11-18 12:29:56,713: log_options() 'min_size_enabled = False'
INFO: 2025-11-18 12:29:56,713: log_options() 'name_regex = .*'
INFO: 2025-11-18 12:29:56,713: log_options() 'name_regex_enabled = False'
INFO: 2025-11-18 12:29:56,713: log_options() 'quota_enabled = True'
INFO: 2025-11-18 12:29:56,713: log_options() 'quota_size = 1000'
INFO: 2025-11-18 12:29:56,713: log_options() 'quotes_authors = '
INFO: 2025-11-18 12:29:56,713: log_options() 'quotes_bg_color = [80, 80, 80]'
INFO: 2025-11-18 12:29:56,713: log_options() 'quotes_bg_opacity = 0'
INFO: 2025-11-18 12:29:56,713: log_options() 'quotes_change_enabled = False'
INFO: 2025-11-18 12:29:56,713: log_options() 'quotes_change_interval = 300'
INFO: 2025-11-18 12:29:56,713: log_options() 'quotes_disabled_sources = ['Local text files', 'Urban Dictionary']'
INFO: 2025-11-18 12:29:56,713: log_options() 'quotes_enabled = False'
INFO: 2025-11-18 12:29:56,713: log_options() 'quotes_favorites_file = /home/arthur.wambst/.config/variety/favorite_quotes.txt'
INFO: 2025-11-18 12:29:56,713: log_options() 'quotes_font = Serif Italic 7'
INFO: 2025-11-18 12:29:56,713: log_options() 'quotes_hpos = 0'
INFO: 2025-11-18 12:29:56,713: log_options() 'quotes_max_length = 250'
INFO: 2025-11-18 12:29:56,713: log_options() 'quotes_tags = funny'
INFO: 2025-11-18 12:29:56,713: log_options() 'quotes_text_color = [255, 255, 255]'
INFO: 2025-11-18 12:29:56,713: log_options() 'quotes_text_shadow = False'
INFO: 2025-11-18 12:29:56,713: log_options() 'quotes_vpos = 100'
INFO: 2025-11-18 12:29:56,713: log_options() 'quotes_width = 61'
INFO: 2025-11-18 12:29:56,713: log_options() 'safe_mode = False'
INFO: 2025-11-18 12:29:56,713: log_options() 'set_wallpaper_script = /home/arthur.wambst/.config/variety/scripts/set_wallpaper'
INFO: 2025-11-18 12:29:56,713: log_options() 'slideshow_custom_enabled = False'
INFO: 2025-11-18 12:29:56,713: log_options() 'slideshow_custom_folder = /home/arthur.wambst/Pictures'
INFO: 2025-11-18 12:29:56,713: log_options() 'slideshow_downloads_enabled = False'
INFO: 2025-11-18 12:29:56,714: log_options() 'slideshow_fade = 0.4'
INFO: 2025-11-18 12:29:56,714: log_options() 'slideshow_favorites_enabled = True'
INFO: 2025-11-18 12:29:56,714: log_options() 'slideshow_mode = Fullscreen'
INFO: 2025-11-18 12:29:56,714: log_options() 'slideshow_monitor = All'
INFO: 2025-11-18 12:29:56,714: log_options() 'slideshow_pan = 0.05'
INFO: 2025-11-18 12:29:56,714: log_options() 'slideshow_seconds = 6.0'
INFO: 2025-11-18 12:29:56,714: log_options() 'slideshow_sort_order = Random'
INFO: 2025-11-18 12:29:56,714: log_options() 'slideshow_sources_enabled = True'
INFO: 2025-11-18 12:29:56,714: log_options() 'slideshow_zoom = 0.2'
INFO: 2025-11-18 12:29:56,714: log_options() 'smart_enabled = False'
INFO: 2025-11-18 12:29:56,714: log_options() 'smart_notice_shown = False'
INFO: 2025-11-18 12:29:56,714: log_options() 'smart_register_shown = False'
INFO: 2025-11-18 12:29:56,714: log_options() 'sources = [[True, 'favorites', 'The Favorites folder'], [True, 'fetched', 'The Fetched folder'], [True, 'folder', '/usr/share/backgrounds'], [False, 'flickr', 'user:www.flickr.com/photos/peter-levi/;user_id:93647178@N00;'], [False, 'apod', "NASA's Astronomy Picture of the Day"], [False, 'bing', 'Bing Photo of the Day'], [False, 'earthview', 'Google Earth View Wallpapers'], [False, 'natgeo', "National Geographic's photo of the day"], [False, 'unsplash', 'High-resolution photos from Unsplash.com'], [False, 'folder', '/home/arthur.wambst/.config/wallpapers/knives_out'], [True, 'folder', '/home/arthur.wambst/.config/wallpapers']]'
INFO: 2025-11-18 12:29:56,714: log_options() 'stats_enabled = True'
INFO: 2025-11-18 12:29:56,714: log_options() 'stats_notice_shown = False'
INFO: 2025-11-18 12:29:56,714: log_options() 'sync_enabled = True'
INFO: 2025-11-18 12:29:56,714: log_options() 'use_landscape_enabled = True'
INFO: 2025-11-18 12:29:56,714: log_options() 'wallhaven_api_key = '
INFO: 2025-11-18 12:29:56,714: log_options() 'wallpaper_auto_rotate = False'
INFO: 2025-11-18 12:29:56,714: log_options() 'wallpaper_display_mode = fill-with-black'
INFO: 2025-11-18 12:29:56,714: reload_config() 'No need to clear prepared queue'
INFO: 2025-11-18 12:29:56,714: update_indicator() 'Setting file info to: '
INFO: 2025-11-18 12:29:56,714: load_banned() 'Missing or invalid banned URLs list, no URLs will be banned'
INFO: 2025-11-18 12:29:56,714: load_last_change_time() 'Change interval < 6 hours, ignore persisted last_change_time, wait initially the whole interval: 300'
INFO: 2025-11-18 12:29:56,714: update_indicator() 'Setting file info to: '
INFO: 2025-11-18 12:29:56,715: regular_change_thread() 'regular_change thread running'
INFO: 2025-11-18 12:29:56,715: prepare_thread() 'Prepare thread running'
INFO: 2025-11-18 12:29:56,715: prepare_thread() 'Prepared buffer contains 0 images'
INFO: 2025-11-18 12:29:56,715: prepare_thread() 'Preparing some images'
INFO: 2025-11-18 12:29:56,716: update_indicator_icon() 'Creating indicator'
WARNING: 2025-11-18 12:29:56,736: create_menu() 'Variety Slideshow is not installed. This is an optional extension adding pan-and-zoom slideshows to Variety: see https://github.com/peterlevi/variety-slideshow for details'
INFO: 2025-11-18 12:29:56,737: create_indicator() 'indicator backend: AyatanaAppIndicator3'
INFO: 2025-11-18 12:29:56,741: prepare_thread() 'After search prepared buffer contains 18 images'
INFO: 2025-11-18 12:29:56,744: set_from_theme_icon() 'Showing indicator icon variety-indicator from GTK theme'
WARNING: 2025-11-18 12:29:56,815: set_wp_throttled() 'set_wp_throttled: No wallpaper to set'
INFO: 2025-11-18 12:29:58,170: reload() 'Reloading preferences dialog'
ERROR: 2025-11-18 12:29:58,170: get_xdg_pictures_folder() 'Could not get path to Pictures folder. Defaulting to ~/Pictures.'
Traceback (most recent call last):
  File "/nix/store/x1w5qm65s5rzzzmg08vzzlfc9f148rs9-variety-0.8.13/lib/python3.13/site-packages/variety/Util.py", line 818, in get_xdg_pictures_folder
    raise Exception("Could not get path to Pictures folder. Defaulting to ~/Pictures.")
Exception: Could not get path to Pictures folder. Defaulting to ~/Pictures.
ERROR: 2025-11-18 12:29:58,171: get_xdg_pictures_folder() 'Could not get path to Pictures folder. Defaulting to ~/Pictures.'
Traceback (most recent call last):
  File "/nix/store/x1w5qm65s5rzzzmg08vzzlfc9f148rs9-variety-0.8.13/lib/python3.13/site-packages/variety/Util.py", line 818, in get_xdg_pictures_folder
    raise Exception("Could not get path to Pictures folder. Defaulting to ~/Pictures.")
Exception: Could not get path to Pictures folder. Defaulting to ~/Pictures.
ERROR: 2025-11-18 12:29:58,173: get_xdg_pictures_folder() 'Could not get path to Pictures folder. Defaulting to ~/Pictures.'
Traceback (most recent call last):
  File "/nix/store/x1w5qm65s5rzzzmg08vzzlfc9f148rs9-variety-0.8.13/lib/python3.13/site-packages/variety/Util.py", line 818, in get_xdg_pictures_folder
    raise Exception("Could not get path to Pictures folder. Defaulting to ~/Pictures.")
Exception: Could not get path to Pictures folder. Defaulting to ~/Pictures.
ERROR: 2025-11-18 12:29:58,173: get_file_icon_name() 'Exception while obtaining folder icon for /home/arthur.wambst/Pictures:'
Traceback (most recent call last):
  File "/nix/store/x1w5qm65s5rzzzmg08vzzlfc9f148rs9-variety-0.8.13/lib/python3.13/site-packages/variety/Util.py", line 803, in get_file_icon_name
    query_info = f.query_info("standard::icon", Gio.FileQueryInfoFlags.NONE, None)
gi.repository.GLib.GError: g-io-error-quark: Error when getting information for file “/home/arthur.wambst/Pictures”: No such file or directory (1)
ERROR: 2025-11-18 12:29:58,174: get_file_icon_name() 'Exception while obtaining folder icon for /home/arthur.wambst/Pictures:'
Traceback (most recent call last):
  File "/nix/store/x1w5qm65s5rzzzmg08vzzlfc9f148rs9-variety-0.8.13/lib/python3.13/site-packages/variety/Util.py", line 803, in get_file_icon_name
    query_info = f.query_info("standard::icon", Gio.FileQueryInfoFlags.NONE, None)
gi.repository.GLib.GError: g-io-error-quark: Error when getting information for file “/home/arthur.wambst/Pictures”: No such file or directory (1)
INFO: 2025-11-18 12:29:58,741: trigger_download() 'Triggering download thread to check if download needed and possible'
INFO: 2025-11-18 12:30:16,440: process_command() 'Received command: ['--preferences']'
INFO: 2025-11-18 12:30:16,442: reload() 'Reloading preferences dialog'
ERROR: 2025-11-18 12:30:16,442: get_xdg_pictures_folder() 'Could not get path to Pictures folder. Defaulting to ~/Pictures.'
Traceback (most recent call last):
  File "/nix/store/x1w5qm65s5rzzzmg08vzzlfc9f148rs9-variety-0.8.13/lib/python3.13/site-packages/variety/Util.py", line 818, in get_xdg_pictures_folder
    raise Exception("Could not get path to Pictures folder. Defaulting to ~/Pictures.")
Exception: Could not get path to Pictures folder. Defaulting to ~/Pictures.
ERROR: 2025-11-18 12:30:16,443: get_xdg_pictures_folder() 'Could not get path to Pictures folder. Defaulting to ~/Pictures.'
Traceback (most recent call last):
  File "/nix/store/x1w5qm65s5rzzzmg08vzzlfc9f148rs9-variety-0.8.13/lib/python3.13/site-packages/variety/Util.py", line 818, in get_xdg_pictures_folder
    raise Exception("Could not get path to Pictures folder. Defaulting to ~/Pictures.")
Exception: Could not get path to Pictures folder. Defaulting to ~/Pictures.
ERROR: 2025-11-18 12:30:16,444: get_xdg_pictures_folder() 'Could not get path to Pictures folder. Defaulting to ~/Pictures.'
Traceback (most recent call last):
  File "/nix/store/x1w5qm65s5rzzzmg08vzzlfc9f148rs9-variety-0.8.13/lib/python3.13/site-packages/variety/Util.py", line 818, in get_xdg_pictures_folder
    raise Exception("Could not get path to Pictures folder. Defaulting to ~/Pictures.")
Exception: Could not get path to Pictures folder. Defaulting to ~/Pictures.
ERROR: 2025-11-18 12:30:16,444: get_file_icon_name() 'Exception while obtaining folder icon for /home/arthur.wambst/Pictures:'
Traceback (most recent call last):
  File "/nix/store/x1w5qm65s5rzzzmg08vzzlfc9f148rs9-variety-0.8.13/lib/python3.13/site-packages/variety/Util.py", line 803, in get_file_icon_name
    query_info = f.query_info("standard::icon", Gio.FileQueryInfoFlags.NONE, None)
gi.repository.GLib.GError: g-io-error-quark: Error when getting information for file “/home/arthur.wambst/Pictures”: No such file or directory (1)
ERROR: 2025-11-18 12:30:16,444: get_file_icon_name() 'Exception while obtaining folder icon for /home/arthur.wambst/Pictures:'
Traceback (most recent call last):
  File "/nix/store/x1w5qm65s5rzzzmg08vzzlfc9f148rs9-variety-0.8.13/lib/python3.13/site-packages/variety/Util.py", line 803, in get_file_icon_name
    query_info = f.query_info("standard::icon", Gio.FileQueryInfoFlags.NONE, None)
gi.repository.GLib.GError: g-io-error-quark: Error when getting information for file “/home/arthur.wambst/Pictures”: No such file or directory (1)
INFO: 2025-11-18 12:30:20,065: trigger_download() 'Triggering download thread to check if download needed and possible'
INFO: 2025-11-18 12:34:56,715: regular_change_thread() 'regular_change changes wallpaper'
INFO: 2025-11-18 12:34:56,715: set_wallpaper() 'Calling set_wallpaper with /home/arthur.wambst/.config/wallpapers/love/171916.jpg'
INFO: 2025-11-18 12:34:56,716: prepare_thread() 'Prepared buffer contains 17 images'
INFO: 2025-11-18 12:34:56,717: do_set_wp() 'Calling do_set_wp with /home/arthur.wambst/.config/wallpapers/love/171916.jpg, time: 1763465696.7178752'
INFO: 2025-11-18 12:34:56,723: apply_display_mode() 'ImageMagick display mode cmd: convert /home/arthur.wambst/.config/wallpapers/love/171916.jpg -resize 1920x1080 -size 1920x1080 xc:black +swap -gravity center -composite /home/arthur.wambst/.config/variety/wallpaper/wallpaper-zoomed-d3aac5fdd5a9018295ba39f46c112949.jpg'
INFO: 2025-11-18 12:34:56,917: update_indicator() 'Setting file info to: /home/arthur.wambst/.config/wallpapers/love/171916.jpg'
INFO: 2025-11-18 12:34:58,718: trigger_download() 'Triggering download thread to check if download needed and possible'
INFO: 2025-11-18 12:39:56,981: regular_change_thread() 'regular_change changes wallpaper'
INFO: 2025-11-18 12:39:56,981: set_wallpaper() 'Calling set_wallpaper with /home/arthur.wambst/.config/wallpapers/urban/4k-anime-city-wallpapers.jpg'
INFO: 2025-11-18 12:39:56,981: prepare_thread() 'Prepared buffer contains 16 images'
INFO: 2025-11-18 12:39:56,982: do_set_wp() 'Calling do_set_wp with /home/arthur.wambst/.config/wallpapers/urban/4k-anime-city-wallpapers.jpg, time: 1763465996.9829261'
INFO: 2025-11-18 12:39:56,985: apply_display_mode() 'ImageMagick display mode cmd: convert /home/arthur.wambst/.config/wallpapers/urban/4k-anime-city-wallpapers.jpg -resize 1920x1080 -size 1920x1080 xc:black +swap -gravity center -composite /home/arthur.wambst/.config/variety/wallpaper/wallpaper-zoomed-32f955806bdba115c0518040f7fa8dcd.jpg'
INFO: 2025-11-18 12:39:57,294: update_indicator() 'Setting file info to: /home/arthur.wambst/.config/wallpapers/urban/4k-anime-city-wallpapers.jpg'
INFO: 2025-11-18 12:39:58,984: trigger_download() 'Triggering download thread to check if download needed and possible'
INFO: 2025-11-18 12:44:57,358: regular_change_thread() 'regular_change changes wallpaper'
INFO: 2025-11-18 12:44:57,358: set_wallpaper() 'Calling set_wallpaper with /home/arthur.wambst/.config/wallpapers/lake-mountain-canoeing.jpg'
INFO: 2025-11-18 12:44:57,358: prepare_thread() 'Prepared buffer contains 15 images'
INFO: 2025-11-18 12:44:57,360: do_set_wp() 'Calling do_set_wp with /home/arthur.wambst/.config/wallpapers/lake-mountain-canoeing.jpg, time: 1763466297.360287'
INFO: 2025-11-18 12:44:57,362: apply_display_mode() 'ImageMagick display mode cmd: convert /home/arthur.wambst/.config/wallpapers/lake-mountain-canoeing.jpg -resize 1920x1080 -size 1920x1080 xc:black +swap -gravity center -composite /home/arthur.wambst/.config/variety/wallpaper/wallpaper-zoomed-50757902b9013b8140d0279dd74323b6.jpg'
INFO: 2025-11-18 12:44:57,707: update_indicator() 'Setting file info to: /home/arthur.wambst/.config/wallpapers/lake-mountain-canoeing.jpg'
INFO: 2025-11-18 12:44:59,361: trigger_download() 'Triggering download thread to check if download needed and possible'
INFO: 2025-11-18 12:49:57,771: regular_change_thread() 'regular_change changes wallpaper'
INFO: 2025-11-18 12:49:57,771: set_wallpaper() 'Calling set_wallpaper with /home/arthur.wambst/.config/wallpapers/asm/dragonjsp.jpg'
INFO: 2025-11-18 12:49:57,772: prepare_thread() 'Prepared buffer contains 14 images'
INFO: 2025-11-18 12:49:57,773: do_set_wp() 'Calling do_set_wp with /home/arthur.wambst/.config/wallpapers/asm/dragonjsp.jpg, time: 1763466597.7733772'
INFO: 2025-11-18 12:49:57,774: apply_display_mode() 'ImageMagick display mode cmd: convert /home/arthur.wambst/.config/wallpapers/asm/dragonjsp.jpg -resize 1920x1080 -size 1920x1080 xc:black +swap -gravity center -composite /home/arthur.wambst/.config/variety/wallpaper/wallpaper-zoomed-cefbe9070c3b99d9505cd9c52d7fb5b0.jpg'
INFO: 2025-11-18 12:49:58,321: update_indicator() 'Setting file info to: /home/arthur.wambst/.config/wallpapers/asm/dragonjsp.jpg'
INFO: 2025-11-18 12:49:59,774: trigger_download() 'Triggering download thread to check if download needed and possible'
INFO: 2025-11-18 12:54:58,385: regular_change_thread() 'regular_change changes wallpaper'
INFO: 2025-11-18 12:54:58,386: set_wallpaper() 'Calling set_wallpaper with /home/arthur.wambst/.config/wallpapers/geometric-abstract-7680x4320-23187.jpg'
INFO: 2025-11-18 12:54:58,386: prepare_thread() 'Prepared buffer contains 13 images'
INFO: 2025-11-18 12:54:58,387: do_set_wp() 'Calling do_set_wp with /home/arthur.wambst/.config/wallpapers/geometric-abstract-7680x4320-23187.jpg, time: 1763466898.3875666'
INFO: 2025-11-18 12:54:58,389: apply_display_mode() 'ImageMagick display mode cmd: convert /home/arthur.wambst/.config/wallpapers/geometric-abstract-7680x4320-23187.jpg -resize 1920x1080 -size 1920x1080 xc:black +swap -gravity center -composite /home/arthur.wambst/.config/variety/wallpaper/wallpaper-zoomed-db31c6c48577a7ac086b0737a7dfaa66.jpg'
INFO: 2025-11-18 12:54:59,085: update_indicator() 'Setting file info to: /home/arthur.wambst/.config/wallpapers/geometric-abstract-7680x4320-23187.jpg'
INFO: 2025-11-18 12:55:00,388: trigger_download() 'Triggering download thread to check if download needed and possible'
INFO: 2025-11-18 12:59:59,149: regular_change_thread() 'regular_change changes wallpaper'
INFO: 2025-11-18 12:59:59,150: set_wallpaper() 'Calling set_wallpaper with /home/arthur.wambst/.config/wallpapers/noel/1377653.png'
INFO: 2025-11-18 12:59:59,150: prepare_thread() 'Prepared buffer contains 12 images'
INFO: 2025-11-18 12:59:59,151: do_set_wp() 'Calling do_set_wp with /home/arthur.wambst/.config/wallpapers/noel/1377653.png, time: 1763467199.1512787'
INFO: 2025-11-18 12:59:59,153: apply_display_mode() 'ImageMagick display mode cmd: convert /home/arthur.wambst/.config/wallpapers/noel/1377653.png -resize 1920x1080 -size 1920x1080 xc:black +swap -gravity center -composite /home/arthur.wambst/.config/variety/wallpaper/wallpaper-zoomed-7d6c4f904de6e6e2852ca9b7d9ba17cd.jpg'
INFO: 2025-11-18 12:59:59,773: update_indicator() 'Setting file info to: /home/arthur.wambst/.config/wallpapers/noel/1377653.png'
INFO: 2025-11-18 13:00:01,152: trigger_download() 'Triggering download thread to check if download needed and possible'
INFO: 2025-11-18 13:04:59,837: regular_change_thread() 'regular_change changes wallpaper'
INFO: 2025-11-18 13:04:59,837: set_wallpaper() 'Calling set_wallpaper with /home/arthur.wambst/.config/wallpapers/knives_out/glass_onion.png'
INFO: 2025-11-18 13:04:59,838: prepare_thread() 'Prepared buffer contains 11 images'
INFO: 2025-11-18 13:04:59,839: do_set_wp() 'Calling do_set_wp with /home/arthur.wambst/.config/wallpapers/knives_out/glass_onion.png, time: 1763467499.8393095'
INFO: 2025-11-18 13:04:59,840: apply_display_mode() 'ImageMagick display mode cmd: convert /home/arthur.wambst/.config/wallpapers/knives_out/glass_onion.png -resize 1920x1080 -size 1920x1080 xc:black +swap -gravity center -composite /home/arthur.wambst/.config/variety/wallpaper/wallpaper-zoomed-e2beb6bbc59575409aa66d4fb7b7d864.jpg'
INFO: 2025-11-18 13:04:59,974: update_indicator() 'Setting file info to: /home/arthur.wambst/.config/wallpapers/knives_out/glass_onion.png'
INFO: 2025-11-18 13:05:01,840: trigger_download() 'Triggering download thread to check if download needed and possible'
INFO: 2025-11-18 13:10:00,038: regular_change_thread() 'regular_change changes wallpaper'
INFO: 2025-11-18 13:10:00,038: set_wallpaper() 'Calling set_wallpaper with /home/arthur.wambst/.config/wallpapers/spiderman-minimalist.jpg'
INFO: 2025-11-18 13:10:00,039: prepare_thread() 'Prepared buffer contains 10 images'
INFO: 2025-11-18 13:10:00,040: do_set_wp() 'Calling do_set_wp with /home/arthur.wambst/.config/wallpapers/spiderman-minimalist.jpg, time: 1763467800.0404367'
INFO: 2025-11-18 13:10:00,042: apply_display_mode() 'ImageMagick display mode cmd: convert /home/arthur.wambst/.config/wallpapers/spiderman-minimalist.jpg -resize 1920x1080 -size 1920x1080 xc:black +swap -gravity center -composite /home/arthur.wambst/.config/variety/wallpaper/wallpaper-zoomed-146c1e872b51dd1e9dd139c507bbc5cb.jpg'
INFO: 2025-11-18 13:10:00,345: update_indicator() 'Setting file info to: /home/arthur.wambst/.config/wallpapers/spiderman-minimalist.jpg'
INFO: 2025-11-18 13:10:02,041: trigger_download() 'Triggering download thread to check if download needed and possible'
INFO: 2025-11-18 13:15:00,409: regular_change_thread() 'regular_change changes wallpaper'
INFO: 2025-11-18 13:15:00,410: set_wallpaper() 'Calling set_wallpaper with /home/arthur.wambst/.config/wallpapers/urban/buildings_lights_architecture_1356050_2560x1440.jpg'
INFO: 2025-11-18 13:15:00,410: prepare_thread() 'Prepared buffer contains 9 images'
INFO: 2025-11-18 13:15:00,410: prepare_thread() 'Preparing some images'
INFO: 2025-11-18 13:15:00,411: do_set_wp() 'Calling do_set_wp with /home/arthur.wambst/.config/wallpapers/urban/buildings_lights_architecture_1356050_2560x1440.jpg, time: 1763468100.4116092'
INFO: 2025-11-18 13:15:00,413: apply_display_mode() 'ImageMagick display mode cmd: convert /home/arthur.wambst/.config/wallpapers/urban/buildings_lights_architecture_1356050_2560x1440.jpg -resize 1920x1080 -size 1920x1080 xc:black +swap -gravity center -composite /home/arthur.wambst/.config/variety/wallpaper/wallpaper-zoomed-24db0aa3de78f231469d391fe2fc63d1.jpg'
INFO: 2025-11-18 13:15:00,418: prepare_thread() 'After search prepared buffer contains 18 images'
INFO: 2025-11-18 13:15:00,595: update_indicator() 'Setting file info to: /home/arthur.wambst/.config/wallpapers/urban/buildings_lights_architecture_1356050_2560x1440.jpg'
INFO: 2025-11-18 13:15:02,419: trigger_download() 'Triggering download thread to check if download needed and possible'
INFO: 2025-11-18 13:20:00,659: regular_change_thread() 'regular_change changes wallpaper'
INFO: 2025-11-18 13:20:00,659: set_wallpaper() 'Calling set_wallpaper with /home/arthur.wambst/.config/wallpapers/noel/1377653.png'
INFO: 2025-11-18 13:20:00,660: prepare_thread() 'Prepared buffer contains 17 images'
INFO: 2025-11-18 13:20:00,661: do_set_wp() 'Calling do_set_wp with /home/arthur.wambst/.config/wallpapers/noel/1377653.png, time: 1763468400.6614723'
INFO: 2025-11-18 13:20:00,663: apply_display_mode() 'ImageMagick display mode cmd: convert /home/arthur.wambst/.config/wallpapers/noel/1377653.png -resize 1920x1080 -size 1920x1080 xc:black +swap -gravity center -composite /home/arthur.wambst/.config/variety/wallpaper/wallpaper-zoomed-007aca0ef319c93efab69bb35ee67417.jpg'
INFO: 2025-11-18 13:20:01,264: update_indicator() 'Setting file info to: /home/arthur.wambst/.config/wallpapers/noel/1377653.png'
INFO: 2025-11-18 13:20:02,662: trigger_download() 'Triggering download thread to check if download needed and possible'
INFO: 2025-11-18 13:25:01,328: regular_change_thread() 'regular_change changes wallpaper'
INFO: 2025-11-18 13:25:01,328: set_wallpaper() 'Calling set_wallpaper with /home/arthur.wambst/.config/wallpapers/spiderman-minimalist.jpg'
INFO: 2025-11-18 13:25:01,328: prepare_thread() 'Prepared buffer contains 16 images'
INFO: 2025-11-18 13:25:01,329: do_set_wp() 'Calling do_set_wp with /home/arthur.wambst/.config/wallpapers/spiderman-minimalist.jpg, time: 1763468701.32987'
INFO: 2025-11-18 13:25:01,331: apply_display_mode() 'ImageMagick display mode cmd: convert /home/arthur.wambst/.config/wallpapers/spiderman-minimalist.jpg -resize 1920x1080 -size 1920x1080 xc:black +swap -gravity center -composite /home/arthur.wambst/.config/variety/wallpaper/wallpaper-zoomed-e5cd1768e34ba5fbdf4cc64642c62799.jpg'
INFO: 2025-11-18 13:25:01,639: update_indicator() 'Setting file info to: /home/arthur.wambst/.config/wallpapers/spiderman-minimalist.jpg'
INFO: 2025-11-18 13:25:03,330: trigger_download() 'Triggering download thread to check if download needed and possible'
INFO: 2025-11-18 13:30:01,703: regular_change_thread() 'regular_change changes wallpaper'
INFO: 2025-11-18 13:30:01,703: set_wallpaper() 'Calling set_wallpaper with /home/arthur.wambst/.config/wallpapers/knives_out/knives-out.jpg'
INFO: 2025-11-18 13:30:01,704: prepare_thread() 'Prepared buffer contains 15 images'
INFO: 2025-11-18 13:30:01,705: do_set_wp() 'Calling do_set_wp with /home/arthur.wambst/.config/wallpapers/knives_out/knives-out.jpg, time: 1763469001.705251'
INFO: 2025-11-18 13:30:01,707: apply_display_mode() 'ImageMagick display mode cmd: convert /home/arthur.wambst/.config/wallpapers/knives_out/knives-out.jpg -resize 1920x1080 -size 1920x1080 xc:black +swap -gravity center -composite /home/arthur.wambst/.config/variety/wallpaper/wallpaper-zoomed-dfcb66f90a50b48c35a8e103c6d23f19.jpg'
INFO: 2025-11-18 13:30:01,944: update_indicator() 'Setting file info to: /home/arthur.wambst/.config/wallpapers/knives_out/knives-out.jpg'
INFO: 2025-11-18 13:30:03,706: trigger_download() 'Triggering download thread to check if download needed and possible'
INFO: 2025-11-18 13:35:02,008: regular_change_thread() 'regular_change changes wallpaper'
INFO: 2025-11-18 13:35:02,008: set_wallpaper() 'Calling set_wallpaper with /home/arthur.wambst/.config/wallpapers/old-ship-sunset.jpg'
INFO: 2025-11-18 13:35:02,009: prepare_thread() 'Prepared buffer contains 14 images'
INFO: 2025-11-18 13:35:02,010: do_set_wp() 'Calling do_set_wp with /home/arthur.wambst/.config/wallpapers/old-ship-sunset.jpg, time: 1763469302.0104232'
INFO: 2025-11-18 13:35:02,011: apply_display_mode() 'ImageMagick display mode cmd: convert /home/arthur.wambst/.config/wallpapers/old-ship-sunset.jpg -resize 1920x1080 -size 1920x1080 xc:black +swap -gravity center -composite /home/arthur.wambst/.config/variety/wallpaper/wallpaper-zoomed-b061ad94729bfac8433f9a5dffaa2cc3.jpg'
INFO: 2025-11-18 13:35:02,340: update_indicator() 'Setting file info to: /home/arthur.wambst/.config/wallpapers/old-ship-sunset.jpg'
INFO: 2025-11-18 13:35:04,011: trigger_download() 'Triggering download thread to check if download needed and possible'
INFO: 2025-11-18 13:40:02,404: regular_change_thread() 'regular_change changes wallpaper'
INFO: 2025-11-18 13:40:02,405: set_wallpaper() 'Calling set_wallpaper with /home/arthur.wambst/.config/wallpapers/ocean-car-floating.jpg'
INFO: 2025-11-18 13:40:02,405: prepare_thread() 'Prepared buffer contains 13 images'
INFO: 2025-11-18 13:40:02,406: do_set_wp() 'Calling do_set_wp with /home/arthur.wambst/.config/wallpapers/ocean-car-floating.jpg, time: 1763469602.406573'
INFO: 2025-11-18 13:40:02,408: apply_display_mode() 'ImageMagick display mode cmd: convert /home/arthur.wambst/.config/wallpapers/ocean-car-floating.jpg -resize 1920x1080 -size 1920x1080 xc:black +swap -gravity center -composite /home/arthur.wambst/.config/variety/wallpaper/wallpaper-zoomed-837aac92ddc22916e0dd9f79e786b4c3.jpg'
INFO: 2025-11-18 13:40:02,739: update_indicator() 'Setting file info to: /home/arthur.wambst/.config/wallpapers/ocean-car-floating.jpg'
INFO: 2025-11-18 13:40:04,407: trigger_download() 'Triggering download thread to check if download needed and possible'
INFO: 2025-11-18 13:45:02,803: regular_change_thread() 'regular_change changes wallpaper'
INFO: 2025-11-18 13:45:02,803: set_wallpaper() 'Calling set_wallpaper with /home/arthur.wambst/.config/wallpapers/love/28185.png'
INFO: 2025-11-18 13:45:02,803: prepare_thread() 'Prepared buffer contains 12 images'
INFO: 2025-11-18 13:45:02,805: do_set_wp() 'Calling do_set_wp with /home/arthur.wambst/.config/wallpapers/love/28185.png, time: 1763469902.8053675'
INFO: 2025-11-18 13:45:02,806: apply_display_mode() 'ImageMagick display mode cmd: convert /home/arthur.wambst/.config/wallpapers/love/28185.png -resize 1920x1080 -size 1920x1080 xc:black +swap -gravity center -composite /home/arthur.wambst/.config/variety/wallpaper/wallpaper-zoomed-39258d7d06fe3cb7b38bee451cc45a17.jpg'
INFO: 2025-11-18 13:45:03,120: update_indicator() 'Setting file info to: /home/arthur.wambst/.config/wallpapers/love/28185.png'
INFO: 2025-11-18 13:45:04,805: trigger_download() 'Triggering download thread to check if download needed and possible'
INFO: 2025-11-18 13:50:03,184: regular_change_thread() 'regular_change changes wallpaper'
INFO: 2025-11-18 13:50:03,184: set_wallpaper() 'Calling set_wallpaper with /home/arthur.wambst/.config/wallpapers/urban/buildings_lights_architecture_1356050_2560x1440.jpg'
INFO: 2025-11-18 13:50:03,184: prepare_thread() 'Prepared buffer contains 11 images'
INFO: 2025-11-18 13:50:03,186: do_set_wp() 'Calling do_set_wp with /home/arthur.wambst/.config/wallpapers/urban/buildings_lights_architecture_1356050_2560x1440.jpg, time: 1763470203.1864827'
INFO: 2025-11-18 13:50:03,188: apply_display_mode() 'ImageMagick display mode cmd: convert /home/arthur.wambst/.config/wallpapers/urban/buildings_lights_architecture_1356050_2560x1440.jpg -resize 1920x1080 -size 1920x1080 xc:black +swap -gravity center -composite /home/arthur.wambst/.config/variety/wallpaper/wallpaper-zoomed-0dc3e11a41fd3656e31eb1b83c1b5d43.jpg'
INFO: 2025-11-18 13:50:03,363: update_indicator() 'Setting file info to: /home/arthur.wambst/.config/wallpapers/urban/buildings_lights_architecture_1356050_2560x1440.jpg'
INFO: 2025-11-18 13:50:05,187: trigger_download() 'Triggering download thread to check if download needed and possible'
INFO: 2025-11-18 13:55:03,427: regular_change_thread() 'regular_change changes wallpaper'
INFO: 2025-11-18 13:55:03,428: set_wallpaper() 'Calling set_wallpaper with /home/arthur.wambst/.config/wallpapers/asm/dragons3.jpg'
INFO: 2025-11-18 13:55:03,428: prepare_thread() 'Prepared buffer contains 10 images'
INFO: 2025-11-18 13:55:03,429: do_set_wp() 'Calling do_set_wp with /home/arthur.wambst/.config/wallpapers/asm/dragons3.jpg, time: 1763470503.4294512'
INFO: 2025-11-18 13:55:03,431: apply_display_mode() 'ImageMagick display mode cmd: convert /home/arthur.wambst/.config/wallpapers/asm/dragons3.jpg -resize 1920x1080 -size 1920x1080 xc:black +swap -gravity center -composite /home/arthur.wambst/.config/variety/wallpaper/wallpaper-zoomed-23f87b087eac4994b6b3c267af09035a.jpg'
INFO: 2025-11-18 13:55:04,732: update_indicator() 'Setting file info to: /home/arthur.wambst/.config/wallpapers/asm/dragons3.jpg'
INFO: 2025-11-18 13:55:05,430: trigger_download() 'Triggering download thread to check if download needed and possible'
INFO: 2025-11-18 14:00:04,796: regular_change_thread() 'regular_change changes wallpaper'
INFO: 2025-11-18 14:00:04,796: set_wallpaper() 'Calling set_wallpaper with /home/arthur.wambst/.config/wallpapers/love/30312.png'
INFO: 2025-11-18 14:00:04,797: prepare_thread() 'Prepared buffer contains 9 images'
INFO: 2025-11-18 14:00:04,797: prepare_thread() 'Preparing some images'
INFO: 2025-11-18 14:00:04,798: do_set_wp() 'Calling do_set_wp with /home/arthur.wambst/.config/wallpapers/love/30312.png, time: 1763470804.7984574'
INFO: 2025-11-18 14:00:04,800: apply_display_mode() 'ImageMagick display mode cmd: convert /home/arthur.wambst/.config/wallpapers/love/30312.png -resize 1920x1080 -size 1920x1080 xc:black +swap -gravity center -composite /home/arthur.wambst/.config/variety/wallpaper/wallpaper-zoomed-b730cbc17a9480d58823e0945a2089ba.jpg'
INFO: 2025-11-18 14:00:04,805: prepare_thread() 'After search prepared buffer contains 18 images'
INFO: 2025-11-18 14:00:04,987: update_indicator() 'Setting file info to: /home/arthur.wambst/.config/wallpapers/love/30312.png'
INFO: 2025-11-18 14:00:06,806: trigger_download() 'Triggering download thread to check if download needed and possible'
INFO: 2025-11-18 14:05:05,051: regular_change_thread() 'regular_change changes wallpaper'
INFO: 2025-11-18 14:05:05,051: set_wallpaper() 'Calling set_wallpaper with /home/arthur.wambst/.config/wallpapers/geometric-abstract-7680x4320-23187.jpg'
INFO: 2025-11-18 14:05:05,052: prepare_thread() 'Prepared buffer contains 17 images'
INFO: 2025-11-18 14:05:05,052: do_set_wp() 'Calling do_set_wp with /home/arthur.wambst/.config/wallpapers/geometric-abstract-7680x4320-23187.jpg, time: 1763471105.0528433'
INFO: 2025-11-18 14:05:05,054: apply_display_mode() 'ImageMagick display mode cmd: convert /home/arthur.wambst/.config/wallpapers/geometric-abstract-7680x4320-23187.jpg -resize 1920x1080 -size 1920x1080 xc:black +swap -gravity center -composite /home/arthur.wambst/.config/variety/wallpaper/wallpaper-zoomed-8b0451230c2b335a0a3bd347da1d09a0.jpg'
INFO: 2025-11-18 14:05:05,751: update_indicator() 'Setting file info to: /home/arthur.wambst/.config/wallpapers/geometric-abstract-7680x4320-23187.jpg'
INFO: 2025-11-18 14:05:07,053: trigger_download() 'Triggering download thread to check if download needed and possible'
INFO: 2025-11-18 14:10:05,815: regular_change_thread() 'regular_change changes wallpaper'
INFO: 2025-11-18 14:10:05,815: set_wallpaper() 'Calling set_wallpaper with /home/arthur.wambst/.config/wallpapers/urban/city_night_panorama_117682_3840x2160.jpg'
INFO: 2025-11-18 14:10:05,815: prepare_thread() 'Prepared buffer contains 16 images'
INFO: 2025-11-18 14:10:05,817: do_set_wp() 'Calling do_set_wp with /home/arthur.wambst/.config/wallpapers/urban/city_night_panorama_117682_3840x2160.jpg, time: 1763471405.8173864'
INFO: 2025-11-18 14:10:05,818: apply_display_mode() 'ImageMagick display mode cmd: convert /home/arthur.wambst/.config/wallpapers/urban/city_night_panorama_117682_3840x2160.jpg -resize 1920x1080 -size 1920x1080 xc:black +swap -gravity center -composite /home/arthur.wambst/.config/variety/wallpaper/wallpaper-zoomed-f3cf16bd198f69c62e52ae550cfa3e7b.jpg'
INFO: 2025-11-18 14:10:06,075: update_indicator() 'Setting file info to: /home/arthur.wambst/.config/wallpapers/urban/city_night_panorama_117682_3840x2160.jpg'
INFO: 2025-11-18 14:10:07,817: trigger_download() 'Triggering download thread to check if download needed and possible'
INFO: 2025-11-18 14:15:06,139: regular_change_thread() 'regular_change changes wallpaper'
INFO: 2025-11-18 14:15:06,140: set_wallpaper() 'Calling set_wallpaper with /home/arthur.wambst/.config/wallpapers/love/28185.png'
INFO: 2025-11-18 14:15:06,140: prepare_thread() 'Prepared buffer contains 15 images'
INFO: 2025-11-18 14:15:06,141: do_set_wp() 'Calling do_set_wp with /home/arthur.wambst/.config/wallpapers/love/28185.png, time: 1763471706.1415267'
INFO: 2025-11-18 14:15:06,143: apply_display_mode() 'ImageMagick display mode cmd: convert /home/arthur.wambst/.config/wallpapers/love/28185.png -resize 1920x1080 -size 1920x1080 xc:black +swap -gravity center -composite /home/arthur.wambst/.config/variety/wallpaper/wallpaper-zoomed-397974d5e30922a9a163874b3569f9da.jpg'
INFO: 2025-11-18 14:15:06,455: update_indicator() 'Setting file info to: /home/arthur.wambst/.config/wallpapers/love/28185.png'
INFO: 2025-11-18 14:15:08,142: trigger_download() 'Triggering download thread to check if download needed and possible'
INFO: 2025-11-18 14:20:06,519: regular_change_thread() 'regular_change changes wallpaper'
INFO: 2025-11-18 14:20:06,520: set_wallpaper() 'Calling set_wallpaper with /home/arthur.wambst/.config/wallpapers/knives_out/glass_onion.png'
INFO: 2025-11-18 14:20:06,520: prepare_thread() 'Prepared buffer contains 14 images'
INFO: 2025-11-18 14:20:06,521: do_set_wp() 'Calling do_set_wp with /home/arthur.wambst/.config/wallpapers/knives_out/glass_onion.png, time: 1763472006.5217855'
INFO: 2025-11-18 14:20:06,523: apply_display_mode() 'ImageMagick display mode cmd: convert /home/arthur.wambst/.config/wallpapers/knives_out/glass_onion.png -resize 1920x1080 -size 1920x1080 xc:black +swap -gravity center -composite /home/arthur.wambst/.config/variety/wallpaper/wallpaper-zoomed-1e7283b2f5506021f8ff32ddce38cec6.jpg'
INFO: 2025-11-18 14:20:06,669: update_indicator() 'Setting file info to: /home/arthur.wambst/.config/wallpapers/knives_out/glass_onion.png'
INFO: 2025-11-18 14:20:08,522: trigger_download() 'Triggering download thread to check if download needed and possible'
INFO: 2025-11-18 14:25:06,733: regular_change_thread() 'regular_change changes wallpaper'
INFO: 2025-11-18 14:25:06,733: set_wallpaper() 'Calling set_wallpaper with /home/arthur.wambst/.config/wallpapers/spiderman-minimalist.jpg'
INFO: 2025-11-18 14:25:06,734: prepare_thread() 'Prepared buffer contains 13 images'
INFO: 2025-11-18 14:25:06,735: do_set_wp() 'Calling do_set_wp with /home/arthur.wambst/.config/wallpapers/spiderman-minimalist.jpg, time: 1763472306.7352302'
INFO: 2025-11-18 14:25:06,736: apply_display_mode() 'ImageMagick display mode cmd: convert /home/arthur.wambst/.config/wallpapers/spiderman-minimalist.jpg -resize 1920x1080 -size 1920x1080 xc:black +swap -gravity center -composite /home/arthur.wambst/.config/variety/wallpaper/wallpaper-zoomed-d8a439f9cb8c9b3631a1e3a78ef65b99.jpg'
INFO: 2025-11-18 14:25:07,035: update_indicator() 'Setting file info to: /home/arthur.wambst/.config/wallpapers/spiderman-minimalist.jpg'
INFO: 2025-11-18 14:25:08,736: trigger_download() 'Triggering download thread to check if download needed and possible'
INFO: 2025-11-18 14:30:07,099: regular_change_thread() 'regular_change changes wallpaper'
INFO: 2025-11-18 14:30:07,100: set_wallpaper() 'Calling set_wallpaper with /home/arthur.wambst/.config/wallpapers/knives_out/knives-out.jpg'
INFO: 2025-11-18 14:30:07,100: prepare_thread() 'Prepared buffer contains 12 images'
INFO: 2025-11-18 14:30:07,101: do_set_wp() 'Calling do_set_wp with /home/arthur.wambst/.config/wallpapers/knives_out/knives-out.jpg, time: 1763472607.101459'
INFO: 2025-11-18 14:30:07,103: apply_display_mode() 'ImageMagick display mode cmd: convert /home/arthur.wambst/.config/wallpapers/knives_out/knives-out.jpg -resize 1920x1080 -size 1920x1080 xc:black +swap -gravity center -composite /home/arthur.wambst/.config/variety/wallpaper/wallpaper-zoomed-e86293d52011f4172ed14015bfd5a125.jpg'
INFO: 2025-11-18 14:30:07,347: update_indicator() 'Setting file info to: /home/arthur.wambst/.config/wallpapers/knives_out/knives-out.jpg'
INFO: 2025-11-18 14:30:09,102: trigger_download() 'Triggering download thread to check if download needed and possible'
INFO: 2025-11-18 14:35:07,411: regular_change_thread() 'regular_change changes wallpaper'
INFO: 2025-11-18 14:35:07,412: set_wallpaper() 'Calling set_wallpaper with /home/arthur.wambst/.config/wallpapers/urban/4k-anime-city-wallpapers.jpg'
INFO: 2025-11-18 14:35:07,412: prepare_thread() 'Prepared buffer contains 11 images'
INFO: 2025-11-18 14:35:07,413: do_set_wp() 'Calling do_set_wp with /home/arthur.wambst/.config/wallpapers/urban/4k-anime-city-wallpapers.jpg, time: 1763472907.4136262'
INFO: 2025-11-18 14:35:07,415: apply_display_mode() 'ImageMagick display mode cmd: convert /home/arthur.wambst/.config/wallpapers/urban/4k-anime-city-wallpapers.jpg -resize 1920x1080 -size 1920x1080 xc:black +swap -gravity center -composite /home/arthur.wambst/.config/variety/wallpaper/wallpaper-zoomed-d6242d3e35896bc3f33ea377cb9814a3.jpg'
INFO: 2025-11-18 14:35:07,710: update_indicator() 'Setting file info to: /home/arthur.wambst/.config/wallpapers/urban/4k-anime-city-wallpapers.jpg'
INFO: 2025-11-18 14:35:09,414: trigger_download() 'Triggering download thread to check if download needed and possible'
INFO: 2025-11-18 14:40:07,774: regular_change_thread() 'regular_change changes wallpaper'
INFO: 2025-11-18 14:40:07,774: set_wallpaper() 'Calling set_wallpaper with /home/arthur.wambst/.config/wallpapers/lake-mountain-canoeing.jpg'
INFO: 2025-11-18 14:40:07,775: prepare_thread() 'Prepared buffer contains 10 images'
INFO: 2025-11-18 14:40:07,776: do_set_wp() 'Calling do_set_wp with /home/arthur.wambst/.config/wallpapers/lake-mountain-canoeing.jpg, time: 1763473207.7763371'
INFO: 2025-11-18 14:40:07,777: apply_display_mode() 'ImageMagick display mode cmd: convert /home/arthur.wambst/.config/wallpapers/lake-mountain-canoeing.jpg -resize 1920x1080 -size 1920x1080 xc:black +swap -gravity center -composite /home/arthur.wambst/.config/variety/wallpaper/wallpaper-zoomed-f09a5e34218d41df5279372f0ecc7da9.jpg'
INFO: 2025-11-18 14:40:08,122: update_indicator() 'Setting file info to: /home/arthur.wambst/.config/wallpapers/lake-mountain-canoeing.jpg'
INFO: 2025-11-18 14:40:09,777: trigger_download() 'Triggering download thread to check if download needed and possible'
INFO: 2025-11-18 14:45:08,185: regular_change_thread() 'regular_change changes wallpaper'
INFO: 2025-11-18 14:45:08,186: set_wallpaper() 'Calling set_wallpaper with /home/arthur.wambst/.config/wallpapers/love/30312.png'
INFO: 2025-11-18 14:45:08,186: prepare_thread() 'Prepared buffer contains 9 images'
INFO: 2025-11-18 14:45:08,187: do_set_wp() 'Calling do_set_wp with /home/arthur.wambst/.config/wallpapers/love/30312.png, time: 1763473508.1874'
INFO: 2025-11-18 14:45:08,187: prepare_thread() 'Preparing some images'
INFO: 2025-11-18 14:45:08,189: apply_display_mode() 'ImageMagick display mode cmd: convert /home/arthur.wambst/.config/wallpapers/love/30312.png -resize 1920x1080 -size 1920x1080 xc:black +swap -gravity center -composite /home/arthur.wambst/.config/variety/wallpaper/wallpaper-zoomed-e62af9e751cc9d371df065f6b1631698.jpg'
INFO: 2025-11-18 14:45:08,194: prepare_thread() 'After search prepared buffer contains 18 images'
INFO: 2025-11-18 14:45:08,377: update_indicator() 'Setting file info to: /home/arthur.wambst/.config/wallpapers/love/30312.png'
INFO: 2025-11-18 14:45:10,195: trigger_download() 'Triggering download thread to check if download needed and possible'
INFO: 2025-11-18 14:50:08,441: regular_change_thread() 'regular_change changes wallpaper'
INFO: 2025-11-18 14:50:08,442: set_wallpaper() 'Calling set_wallpaper with /home/arthur.wambst/.config/wallpapers/love/597309.jpg'
INFO: 2025-11-18 14:50:08,442: prepare_thread() 'Prepared buffer contains 17 images'
INFO: 2025-11-18 14:50:08,443: do_set_wp() 'Calling do_set_wp with /home/arthur.wambst/.config/wallpapers/love/597309.jpg, time: 1763473808.4436011'
INFO: 2025-11-18 14:50:08,445: apply_display_mode() 'ImageMagick display mode cmd: convert /home/arthur.wambst/.config/wallpapers/love/597309.jpg -resize 1920x1080 -size 1920x1080 xc:black +swap -gravity center -composite /home/arthur.wambst/.config/variety/wallpaper/wallpaper-zoomed-18a43838bbb202091f3fb1bdc70441a8.jpg'
INFO: 2025-11-18 14:50:08,733: update_indicator() 'Setting file info to: /home/arthur.wambst/.config/wallpapers/love/597309.jpg'
INFO: 2025-11-18 14:50:10,444: trigger_download() 'Triggering download thread to check if download needed and possible'
INFO: 2025-11-18 14:55:08,797: regular_change_thread() 'regular_change changes wallpaper'
INFO: 2025-11-18 14:55:08,797: set_wallpaper() 'Calling set_wallpaper with /home/arthur.wambst/.config/wallpapers/love/171916.jpg'
INFO: 2025-11-18 14:55:08,798: prepare_thread() 'Prepared buffer contains 16 images'
INFO: 2025-11-18 14:55:08,799: do_set_wp() 'Calling do_set_wp with /home/arthur.wambst/.config/wallpapers/love/171916.jpg, time: 1763474108.7992506'
INFO: 2025-11-18 14:55:08,801: apply_display_mode() 'ImageMagick display mode cmd: convert /home/arthur.wambst/.config/wallpapers/love/171916.jpg -resize 1920x1080 -size 1920x1080 xc:black +swap -gravity center -composite /home/arthur.wambst/.config/variety/wallpaper/wallpaper-zoomed-778c619407a701a375517de79e2baff7.jpg'
INFO: 2025-11-18 14:55:08,905: update_indicator() 'Setting file info to: /home/arthur.wambst/.config/wallpapers/love/171916.jpg'
INFO: 2025-11-18 14:55:10,800: trigger_download() 'Triggering download thread to check if download needed and possible'
INFO: 2025-11-18 15:00:08,969: regular_change_thread() 'regular_change changes wallpaper'
INFO: 2025-11-18 15:00:08,969: set_wallpaper() 'Calling set_wallpaper with /home/arthur.wambst/.config/wallpapers/spiderman-minimalist.jpg'
INFO: 2025-11-18 15:00:08,970: prepare_thread() 'Prepared buffer contains 15 images'
INFO: 2025-11-18 15:00:08,970: do_set_wp() 'Calling do_set_wp with /home/arthur.wambst/.config/wallpapers/spiderman-minimalist.jpg, time: 1763474408.9709475'
INFO: 2025-11-18 15:00:08,972: apply_display_mode() 'ImageMagick display mode cmd: convert /home/arthur.wambst/.config/wallpapers/spiderman-minimalist.jpg -resize 1920x1080 -size 1920x1080 xc:black +swap -gravity center -composite /home/arthur.wambst/.config/variety/wallpaper/wallpaper-zoomed-fc0a5384a68910e080926f028e78e605.jpg'
INFO: 2025-11-18 15:00:09,276: update_indicator() 'Setting file info to: /home/arthur.wambst/.config/wallpapers/spiderman-minimalist.jpg'
INFO: 2025-11-18 15:00:10,971: trigger_download() 'Triggering download thread to check if download needed and possible'
INFO: 2025-11-18 15:05:09,340: regular_change_thread() 'regular_change changes wallpaper'
INFO: 2025-11-18 15:05:09,340: set_wallpaper() 'Calling set_wallpaper with /home/arthur.wambst/.config/wallpapers/love/28185.png'
INFO: 2025-11-18 15:05:09,341: prepare_thread() 'Prepared buffer contains 14 images'
INFO: 2025-11-18 15:05:09,342: do_set_wp() 'Calling do_set_wp with /home/arthur.wambst/.config/wallpapers/love/28185.png, time: 1763474709.3425272'
INFO: 2025-11-18 15:05:09,344: apply_display_mode() 'ImageMagick display mode cmd: convert /home/arthur.wambst/.config/wallpapers/love/28185.png -resize 1920x1080 -size 1920x1080 xc:black +swap -gravity center -composite /home/arthur.wambst/.config/variety/wallpaper/wallpaper-zoomed-fa34766593b3074cfc4e236b2644366c.jpg'
INFO: 2025-11-18 15:05:09,665: update_indicator() 'Setting file info to: /home/arthur.wambst/.config/wallpapers/love/28185.png'
INFO: 2025-11-18 15:05:11,343: trigger_download() 'Triggering download thread to check if download needed and possible'
INFO: 2025-11-18 15:10:09,729: regular_change_thread() 'regular_change changes wallpaper'
INFO: 2025-11-18 15:10:09,729: set_wallpaper() 'Calling set_wallpaper with /home/arthur.wambst/.config/wallpapers/urban/trolley_stop_city_119292_3840x2160.jpg'
INFO: 2025-11-18 15:10:09,729: prepare_thread() 'Prepared buffer contains 13 images'
INFO: 2025-11-18 15:10:09,731: do_set_wp() 'Calling do_set_wp with /home/arthur.wambst/.config/wallpapers/urban/trolley_stop_city_119292_3840x2160.jpg, time: 1763475009.7313488'
INFO: 2025-11-18 15:10:09,732: apply_display_mode() 'ImageMagick display mode cmd: convert /home/arthur.wambst/.config/wallpapers/urban/trolley_stop_city_119292_3840x2160.jpg -resize 1920x1080 -size 1920x1080 xc:black +swap -gravity center -composite /home/arthur.wambst/.config/variety/wallpaper/wallpaper-zoomed-c36386a05c01e7d1bcc6b329aeadd0cb.jpg'
INFO: 2025-11-18 15:10:10,018: update_indicator() 'Setting file info to: /home/arthur.wambst/.config/wallpapers/urban/trolley_stop_city_119292_3840x2160.jpg'
INFO: 2025-11-18 15:10:11,731: trigger_download() 'Triggering download thread to check if download needed and possible'
INFO: 2025-11-18 15:15:10,082: regular_change_thread() 'regular_change changes wallpaper'
INFO: 2025-11-18 15:15:10,083: set_wallpaper() 'Calling set_wallpaper with /home/arthur.wambst/.config/wallpapers/ocean-car-floating.jpg'
INFO: 2025-11-18 15:15:10,083: prepare_thread() 'Prepared buffer contains 12 images'
INFO: 2025-11-18 15:15:10,084: do_set_wp() 'Calling do_set_wp with /home/arthur.wambst/.config/wallpapers/ocean-car-floating.jpg, time: 1763475310.0844712'
INFO: 2025-11-18 15:15:10,086: apply_display_mode() 'ImageMagick display mode cmd: convert /home/arthur.wambst/.config/wallpapers/ocean-car-floating.jpg -resize 1920x1080 -size 1920x1080 xc:black +swap -gravity center -composite /home/arthur.wambst/.config/variety/wallpaper/wallpaper-zoomed-9ceb2c9b02690a72a4bcc05a9313d929.jpg'
INFO: 2025-11-18 15:15:10,407: update_indicator() 'Setting file info to: /home/arthur.wambst/.config/wallpapers/ocean-car-floating.jpg'
INFO: 2025-11-18 15:15:12,085: trigger_download() 'Triggering download thread to check if download needed and possible'
INFO: 2025-11-18 15:20:10,471: regular_change_thread() 'regular_change changes wallpaper'
INFO: 2025-11-18 15:20:10,472: set_wallpaper() 'Calling set_wallpaper with /home/arthur.wambst/.config/wallpapers/old-ship-sunset.jpg'
INFO: 2025-11-18 15:20:10,472: prepare_thread() 'Prepared buffer contains 11 images'
INFO: 2025-11-18 15:20:10,473: do_set_wp() 'Calling do_set_wp with /home/arthur.wambst/.config/wallpapers/old-ship-sunset.jpg, time: 1763475610.473367'
INFO: 2025-11-18 15:20:10,475: apply_display_mode() 'ImageMagick display mode cmd: convert /home/arthur.wambst/.config/wallpapers/old-ship-sunset.jpg -resize 1920x1080 -size 1920x1080 xc:black +swap -gravity center -composite /home/arthur.wambst/.config/variety/wallpaper/wallpaper-zoomed-07d96dfb8e334715858a1eeb685dea0c.jpg'
INFO: 2025-11-18 15:20:10,795: update_indicator() 'Setting file info to: /home/arthur.wambst/.config/wallpapers/old-ship-sunset.jpg'
INFO: 2025-11-18 15:20:12,474: trigger_download() 'Triggering download thread to check if download needed and possible'
INFO: 2025-11-18 15:23:00,132: reload() 'Reloading preferences dialog'
ERROR: 2025-11-18 15:23:00,133: get_xdg_pictures_folder() 'Could not get path to Pictures folder. Defaulting to ~/Pictures.'
Traceback (most recent call last):
  File "/nix/store/x1w5qm65s5rzzzmg08vzzlfc9f148rs9-variety-0.8.13/lib/python3.13/site-packages/variety/Util.py", line 818, in get_xdg_pictures_folder
    raise Exception("Could not get path to Pictures folder. Defaulting to ~/Pictures.")
Exception: Could not get path to Pictures folder. Defaulting to ~/Pictures.
ERROR: 2025-11-18 15:23:00,134: get_xdg_pictures_folder() 'Could not get path to Pictures folder. Defaulting to ~/Pictures.'
Traceback (most recent call last):
  File "/nix/store/x1w5qm65s5rzzzmg08vzzlfc9f148rs9-variety-0.8.13/lib/python3.13/site-packages/variety/Util.py", line 818, in get_xdg_pictures_folder
    raise Exception("Could not get path to Pictures folder. Defaulting to ~/Pictures.")
Exception: Could not get path to Pictures folder. Defaulting to ~/Pictures.
ERROR: 2025-11-18 15:23:00,135: get_xdg_pictures_folder() 'Could not get path to Pictures folder. Defaulting to ~/Pictures.'
Traceback (most recent call last):
  File "/nix/store/x1w5qm65s5rzzzmg08vzzlfc9f148rs9-variety-0.8.13/lib/python3.13/site-packages/variety/Util.py", line 818, in get_xdg_pictures_folder
    raise Exception("Could not get path to Pictures folder. Defaulting to ~/Pictures.")
Exception: Could not get path to Pictures folder. Defaulting to ~/Pictures.
ERROR: 2025-11-18 15:23:00,135: get_file_icon_name() 'Exception while obtaining folder icon for /home/arthur.wambst/Pictures:'
Traceback (most recent call last):
  File "/nix/store/x1w5qm65s5rzzzmg08vzzlfc9f148rs9-variety-0.8.13/lib/python3.13/site-packages/variety/Util.py", line 803, in get_file_icon_name
    query_info = f.query_info("standard::icon", Gio.FileQueryInfoFlags.NONE, None)
gi.repository.GLib.GError: g-io-error-quark: Error when getting information for file “/home/arthur.wambst/Pictures”: No such file or directory (1)
ERROR: 2025-11-18 15:23:00,136: get_file_icon_name() 'Exception while obtaining folder icon for /home/arthur.wambst/Pictures:'
Traceback (most recent call last):
  File "/nix/store/x1w5qm65s5rzzzmg08vzzlfc9f148rs9-variety-0.8.13/lib/python3.13/site-packages/variety/Util.py", line 803, in get_file_icon_name
    query_info = f.query_info("standard::icon", Gio.FileQueryInfoFlags.NONE, None)
gi.repository.GLib.GError: g-io-error-quark: Error when getting information for file “/home/arthur.wambst/Pictures”: No such file or directory (1)
ERROR: 2025-11-18 15:23:17,095: get_xdg_pictures_folder() 'Could not get path to Pictures folder. Defaulting to ~/Pictures.'
Traceback (most recent call last):
  File "/nix/store/x1w5qm65s5rzzzmg08vzzlfc9f148rs9-variety-0.8.13/lib/python3.13/site-packages/variety/Util.py", line 818, in get_xdg_pictures_folder
    raise Exception("Could not get path to Pictures folder. Defaulting to ~/Pictures.")
Exception: Could not get path to Pictures folder. Defaulting to ~/Pictures.
INFO: 2025-11-18 15:23:17,195: apply() 'Applying preferences'
ERROR: 2025-11-18 15:23:17,196: get_xdg_pictures_folder() 'Could not get path to Pictures folder. Defaulting to ~/Pictures.'
Traceback (most recent call last):
  File "/nix/store/x1w5qm65s5rzzzmg08vzzlfc9f148rs9-variety-0.8.13/lib/python3.13/site-packages/variety/Util.py", line 818, in get_xdg_pictures_folder
    raise Exception("Could not get path to Pictures folder. Defaulting to ~/Pictures.")
Exception: Could not get path to Pictures folder. Defaulting to ~/Pictures.
ERROR: 2025-11-18 15:23:17,200: get_xdg_pictures_folder() 'Could not get path to Pictures folder. Defaulting to ~/Pictures.'
Traceback (most recent call last):
  File "/nix/store/x1w5qm65s5rzzzmg08vzzlfc9f148rs9-variety-0.8.13/lib/python3.13/site-packages/variety/Util.py", line 818, in get_xdg_pictures_folder
    raise Exception("Could not get path to Pictures folder. Defaulting to ~/Pictures.")
Exception: Could not get path to Pictures folder. Defaulting to ~/Pictures.
ERROR: 2025-11-18 15:23:17,203: get_xdg_pictures_folder() 'Could not get path to Pictures folder. Defaulting to ~/Pictures.'
Traceback (most recent call last):
  File "/nix/store/x1w5qm65s5rzzzmg08vzzlfc9f148rs9-variety-0.8.13/lib/python3.13/site-packages/variety/Util.py", line 818, in get_xdg_pictures_folder
    raise Exception("Could not get path to Pictures folder. Defaulting to ~/Pictures.")
Exception: Could not get path to Pictures folder. Defaulting to ~/Pictures.
ERROR: 2025-11-18 15:23:17,206: get_xdg_pictures_folder() 'Could not get path to Pictures folder. Defaulting to ~/Pictures.'
Traceback (most recent call last):
  File "/nix/store/x1w5qm65s5rzzzmg08vzzlfc9f148rs9-variety-0.8.13/lib/python3.13/site-packages/variety/Util.py", line 818, in get_xdg_pictures_folder
    raise Exception("Could not get path to Pictures folder. Defaulting to ~/Pictures.")
Exception: Could not get path to Pictures folder. Defaulting to ~/Pictures.
ERROR: 2025-11-18 15:23:17,208: get_xdg_pictures_folder() 'Could not get path to Pictures folder. Defaulting to ~/Pictures.'
Traceback (most recent call last):
  File "/nix/store/x1w5qm65s5rzzzmg08vzzlfc9f148rs9-variety-0.8.13/lib/python3.13/site-packages/variety/Util.py", line 818, in get_xdg_pictures_folder
    raise Exception("Could not get path to Pictures folder. Defaulting to ~/Pictures.")
Exception: Could not get path to Pictures folder. Defaulting to ~/Pictures.
INFO: 2025-11-18 15:23:17,208: set_visible() 'Showing indicator icon'
INFO: 2025-11-18 15:23:17,208: log_options() 'Loaded options:'
INFO: 2025-11-18 15:23:17,209: set_from_theme_icon() 'Showing indicator icon variety-indicator from GTK theme'
INFO: 2025-11-18 15:23:17,209: log_options() 'change_enabled = True'
INFO: 2025-11-18 15:23:17,209: log_options() 'change_interval = 300'
INFO: 2025-11-18 15:23:17,209: log_options() 'change_on_start = False'
INFO: 2025-11-18 15:23:17,209: log_options() 'clipboard_enabled = False'
INFO: 2025-11-18 15:23:17,209: log_options() 'clipboard_hosts = ['wallhaven.cc', 'wallpapers.net', 'flickr.com', 'imgur.com', 'deviantart.com', 'interfacelift.com', 'vladstudio.com', 'imageshack.us', 'deviantart.net', 'imageshack.com']'
INFO: 2025-11-18 15:23:17,209: log_options() 'clipboard_use_whitelist = True'
INFO: 2025-11-18 15:23:17,209: log_options() 'clock_date_font = Serif 30'
INFO: 2025-11-18 15:23:17,209: log_options() 'clock_enabled = False'
INFO: 2025-11-18 15:23:17,209: log_options() 'clock_filter = -density 100 -font `fc-match -f '%{file[0]}' '%CLOCK_FONT_NAME'` -pointsize %CLOCK_FONT_SIZE -gravity SouthEast -fill '#00000044' -annotate 0x0+[%HOFFSET+58]+[%VOFFSET+108] '%H:%M' -fill white -annotate 0x0+[%HOFFSET+60]+[%VOFFSET+110] '%H:%M' -font `fc-match -f '%{file[0]}' '%DATE_FONT_NAME'` -pointsize %DATE_FONT_SIZE -fill '#00000044' -annotate 0x0+[%HOFFSET+58]+[%VOFFSET+58] '%A, %B %d' -fill white -annotate 0x0+[%HOFFSET+60]+[%VOFFSET+60] '%A, %B %d''
INFO: 2025-11-18 15:23:17,209: log_options() 'clock_font = Serif 70'
INFO: 2025-11-18 15:23:17,209: log_options() 'configfile = /home/arthur.wambst/.config/variety/variety.conf'
INFO: 2025-11-18 15:23:17,209: log_options() 'copyto_enabled = True'
INFO: 2025-11-18 15:23:17,209: log_options() 'copyto_folder = Default'
INFO: 2025-11-18 15:23:17,209: log_options() 'desired_color = [160, 160, 160]'
INFO: 2025-11-18 15:23:17,209: log_options() 'desired_color_enabled = False'
INFO: 2025-11-18 15:23:17,209: log_options() 'download_folder = /home/arthur.wambst/.config/variety/Downloaded'
INFO: 2025-11-18 15:23:17,209: log_options() 'download_preference_ratio = 0.9'
INFO: 2025-11-18 15:23:17,209: log_options() 'favorites_folder = /home/arthur.wambst/.config/variety/Favorites'
INFO: 2025-11-18 15:23:17,209: log_options() 'favorites_operations = [['Downloaded', 'Copy'], ['Fetched', 'Move'], ['Others', 'Copy']]'
INFO: 2025-11-18 15:23:17,209: log_options() 'fetched_folder = /home/arthur.wambst/.config/variety/Fetched'
INFO: 2025-11-18 15:23:17,209: log_options() 'filters = [[True, 'Keep original', ''], [False, 'Grayscale', '-type Grayscale'], [False, 'Heavy blur', '-scale 20% -blur 0x10 -resize 500%'], [False, 'Soft blur', '-scale 20% -blur 0x2 -resize 500%'], [False, 'Oil painting', '-paint 8'], [False, 'Pointilism', '-spread 10 -noise 3'], [False, 'Pixellate', '-scale 3% -scale 3333%']]'
INFO: 2025-11-18 15:23:17,209: log_options() 'get_wallpaper_script = /home/arthur.wambst/.config/variety/scripts/get_wallpaper'
INFO: 2025-11-18 15:23:17,209: log_options() 'icon = Light'
INFO: 2025-11-18 15:23:17,209: log_options() 'internet_enabled = False'
INFO: 2025-11-18 15:23:17,209: log_options() 'lightness_enabled = False'
INFO: 2025-11-18 15:23:17,209: log_options() 'lightness_mode = 0'
INFO: 2025-11-18 15:23:17,209: log_options() 'min_rating = 4'
INFO: 2025-11-18 15:23:17,209: log_options() 'min_rating_enabled = False'
INFO: 2025-11-18 15:23:17,209: log_options() 'min_size = 80'
INFO: 2025-11-18 15:23:17,209: log_options() 'min_size_enabled = False'
INFO: 2025-11-18 15:23:17,209: log_options() 'name_regex = .*'
INFO: 2025-11-18 15:23:17,209: log_options() 'name_regex_enabled = False'
INFO: 2025-11-18 15:23:17,209: log_options() 'quota_enabled = True'
INFO: 2025-11-18 15:23:17,209: log_options() 'quota_size = 1000'
INFO: 2025-11-18 15:23:17,209: log_options() 'quotes_authors = '
INFO: 2025-11-18 15:23:17,209: log_options() 'quotes_bg_color = [80, 80, 80]'
INFO: 2025-11-18 15:23:17,209: log_options() 'quotes_bg_opacity = 0'
INFO: 2025-11-18 15:23:17,209: log_options() 'quotes_change_enabled = False'
INFO: 2025-11-18 15:23:17,209: log_options() 'quotes_change_interval = 300'
INFO: 2025-11-18 15:23:17,209: log_options() 'quotes_disabled_sources = ['Local text files', 'Urban Dictionary']'
INFO: 2025-11-18 15:23:17,209: log_options() 'quotes_enabled = False'
INFO: 2025-11-18 15:23:17,209: log_options() 'quotes_favorites_file = /home/arthur.wambst/.config/variety/favorite_quotes.txt'
INFO: 2025-11-18 15:23:17,210: log_options() 'quotes_font = Serif Italic 7'
INFO: 2025-11-18 15:23:17,210: log_options() 'quotes_hpos = 0'
INFO: 2025-11-18 15:23:17,210: log_options() 'quotes_max_length = 250'
INFO: 2025-11-18 15:23:17,210: log_options() 'quotes_tags = funny'
INFO: 2025-11-18 15:23:17,210: log_options() 'quotes_text_color = [255, 255, 255]'
INFO: 2025-11-18 15:23:17,210: log_options() 'quotes_text_shadow = False'
INFO: 2025-11-18 15:23:17,210: log_options() 'quotes_vpos = 100'
INFO: 2025-11-18 15:23:17,210: log_options() 'quotes_width = 61'
INFO: 2025-11-18 15:23:17,210: log_options() 'safe_mode = False'
INFO: 2025-11-18 15:23:17,210: log_options() 'set_wallpaper_script = /home/arthur.wambst/.config/variety/scripts/set_wallpaper'
INFO: 2025-11-18 15:23:17,210: log_options() 'slideshow_custom_enabled = False'
INFO: 2025-11-18 15:23:17,210: log_options() 'slideshow_custom_folder = /home/arthur.wambst/Pictures'
INFO: 2025-11-18 15:23:17,210: log_options() 'slideshow_downloads_enabled = False'
INFO: 2025-11-18 15:23:17,210: log_options() 'slideshow_fade = 0.4'
INFO: 2025-11-18 15:23:17,210: log_options() 'slideshow_favorites_enabled = True'
INFO: 2025-11-18 15:23:17,210: log_options() 'slideshow_mode = Fullscreen'
INFO: 2025-11-18 15:23:17,210: log_options() 'slideshow_monitor = All'
INFO: 2025-11-18 15:23:17,210: log_options() 'slideshow_pan = 0.05'
INFO: 2025-11-18 15:23:17,210: log_options() 'slideshow_seconds = 6.0'
INFO: 2025-11-18 15:23:17,210: log_options() 'slideshow_sort_order = Random'
INFO: 2025-11-18 15:23:17,210: log_options() 'slideshow_sources_enabled = True'
INFO: 2025-11-18 15:23:17,210: log_options() 'slideshow_zoom = 0.2'
INFO: 2025-11-18 15:23:17,210: log_options() 'smart_enabled = False'
INFO: 2025-11-18 15:23:17,210: log_options() 'smart_notice_shown = False'
INFO: 2025-11-18 15:23:17,210: log_options() 'smart_register_shown = False'
INFO: 2025-11-18 15:23:17,210: log_options() 'sources = [[True, 'favorites', 'The Favorites folder'], [True, 'fetched', 'The Fetched folder'], [True, 'folder', '/usr/share/backgrounds'], [False, 'flickr', 'user:www.flickr.com/photos/peter-levi/;user_id:93647178@N00;'], [False, 'apod', "NASA's Astronomy Picture of the Day"], [False, 'bing', 'Bing Photo of the Day'], [False, 'earthview', 'Google Earth View Wallpapers'], [False, 'natgeo', "National Geographic's photo of the day"], [False, 'unsplash', 'High-resolution photos from Unsplash.com'], [False, 'folder', '/home/arthur.wambst/.config/wallpapers/knives_out'], [True, 'folder', '/home/arthur.wambst/.config/wallpapers']]'
INFO: 2025-11-18 15:23:17,210: log_options() 'stats_enabled = True'
INFO: 2025-11-18 15:23:17,210: log_options() 'stats_notice_shown = False'
INFO: 2025-11-18 15:23:17,210: log_options() 'sync_enabled = True'
INFO: 2025-11-18 15:23:17,210: log_options() 'use_landscape_enabled = True'
INFO: 2025-11-18 15:23:17,210: log_options() 'wallhaven_api_key = '
INFO: 2025-11-18 15:23:17,210: log_options() 'wallpaper_auto_rotate = False'
INFO: 2025-11-18 15:23:17,210: log_options() 'wallpaper_display_mode = fill-with-black'
INFO: 2025-11-18 15:23:17,210: reload_config() 'No need to clear prepared queue'
INFO: 2025-11-18 15:23:17,210: update_indicator() 'Setting file info to: /home/arthur.wambst/.config/wallpapers/old-ship-sunset.jpg'
INFO: 2025-11-18 15:23:17,211: prepare_thread() 'Prepared buffer contains 11 images'
INFO: 2025-11-18 15:23:17,314: do_set_wp() 'Calling do_set_wp with /home/arthur.wambst/.config/wallpapers/old-ship-sunset.jpg, time: 1763475797.3140664'
INFO: 2025-11-18 15:23:17,315: apply_display_mode() 'ImageMagick display mode cmd: convert /home/arthur.wambst/.config/wallpapers/old-ship-sunset.jpg -resize 1920x1080 -size 1920x1080 xc:black +swap -gravity center -composite /home/arthur.wambst/.config/variety/wallpaper/wallpaper-zoomed-b0b140b7a0a7d9f55245166b51f372d9.jpg'
ERROR: 2025-11-18 15:23:17,643: get_xdg_pictures_folder() 'Could not get path to Pictures folder. Defaulting to ~/Pictures.'
Traceback (most recent call last):
  File "/nix/store/x1w5qm65s5rzzzmg08vzzlfc9f148rs9-variety-0.8.13/lib/python3.13/site-packages/variety/Util.py", line 818, in get_xdg_pictures_folder
    raise Exception("Could not get path to Pictures folder. Defaulting to ~/Pictures.")
Exception: Could not get path to Pictures folder. Defaulting to ~/Pictures.
ERROR: 2025-11-18 15:23:17,649: cleanup_old_wallpapers() 'Cannot remove all old wallpaper files from /home/arthur.wambst/Pictures:'
Traceback (most recent call last):
  File "/nix/store/x1w5qm65s5rzzzmg08vzzlfc9f148rs9-variety-0.8.13/lib/python3.13/site-packages/variety/VarietyWindow.py", line 2746, in cleanup_old_wallpapers
    for name in os.listdir(folder):
                ~~~~~~~~~~^^^^^^^^
FileNotFoundError: [Errno 2] No such file or directory: '/home/arthur.wambst/Pictures'
ERROR: 2025-11-18 15:23:17,650: apply_copyto_operation() 'Could not copy file /home/arthur.wambst/.config/variety/wallpaper/wallpaper-zoomed-b0b140b7a0a7d9f55245166b51f372d9.jpg to copyto folder /home/arthur.wambst/Pictures. Using it from original locations, so LightDM might not be able to use it.'
Traceback (most recent call last):
  File "/nix/store/x1w5qm65s5rzzzmg08vzzlfc9f148rs9-variety-0.8.13/lib/python3.13/site-packages/variety/VarietyWindow.py", line 1502, in apply_copyto_operation
    shutil.copy(to_set, target_file)
    ~~~~~~~~~~~^^^^^^^^^^^^^^^^^^^^^
  File "/nix/store/9yh9ak97gn659bk4d3n411fx6c0ng7s2-python3-3.13.5/lib/python3.13/shutil.py", line 428, in copy
    copyfile(src, dst, follow_symlinks=follow_symlinks)
    ~~~~~~~~^^^^^^^^^^^^^^^^^^^^^^^^^^^^^^^^^^^^^^^^^^^
  File "/nix/store/9yh9ak97gn659bk4d3n411fx6c0ng7s2-python3-3.13.5/lib/python3.13/shutil.py", line 262, in copyfile
    with open(dst, 'wb') as fdst:
         ~~~~^^^^^^^^^^^
FileNotFoundError: [Errno 2] No such file or directory: '/home/arthur.wambst/Pictures/variety-copied-wallpaper-15a7750ac8aafd0f1b32883d1d395e1d.jpg'
INFO: 2025-11-18 15:23:17,655: update_indicator() 'Setting file info to: /home/arthur.wambst/.config/wallpapers/old-ship-sunset.jpg'
INFO: 2025-11-18 15:23:19,211: trigger_download() 'Triggering download thread to check if download needed and possible'
ERROR: 2025-11-18 15:23:36,873: get_xdg_pictures_folder() 'Could not get path to Pictures folder. Defaulting to ~/Pictures.'
Traceback (most recent call last):
  File "/nix/store/x1w5qm65s5rzzzmg08vzzlfc9f148rs9-variety-0.8.13/lib/python3.13/site-packages/variety/Util.py", line 818, in get_xdg_pictures_folder
    raise Exception("Could not get path to Pictures folder. Defaulting to ~/Pictures.")
Exception: Could not get path to Pictures folder. Defaulting to ~/Pictures.
INFO: 2025-11-18 15:23:36,973: apply() 'Applying preferences'
ERROR: 2025-11-18 15:23:36,974: get_xdg_pictures_folder() 'Could not get path to Pictures folder. Defaulting to ~/Pictures.'
Traceback (most recent call last):
  File "/nix/store/x1w5qm65s5rzzzmg08vzzlfc9f148rs9-variety-0.8.13/lib/python3.13/site-packages/variety/Util.py", line 818, in get_xdg_pictures_folder
    raise Exception("Could not get path to Pictures folder. Defaulting to ~/Pictures.")
Exception: Could not get path to Pictures folder. Defaulting to ~/Pictures.
ERROR: 2025-11-18 15:23:36,975: get_xdg_pictures_folder() 'Could not get path to Pictures folder. Defaulting to ~/Pictures.'
Traceback (most recent call last):
  File "/nix/store/x1w5qm65s5rzzzmg08vzzlfc9f148rs9-variety-0.8.13/lib/python3.13/site-packages/variety/Util.py", line 818, in get_xdg_pictures_folder
    raise Exception("Could not get path to Pictures folder. Defaulting to ~/Pictures.")
Exception: Could not get path to Pictures folder. Defaulting to ~/Pictures.
ERROR: 2025-11-18 15:23:36,975: get_xdg_pictures_folder() 'Could not get path to Pictures folder. Defaulting to ~/Pictures.'
Traceback (most recent call last):
  File "/nix/store/x1w5qm65s5rzzzmg08vzzlfc9f148rs9-variety-0.8.13/lib/python3.13/site-packages/variety/Util.py", line 818, in get_xdg_pictures_folder
    raise Exception("Could not get path to Pictures folder. Defaulting to ~/Pictures.")
Exception: Could not get path to Pictures folder. Defaulting to ~/Pictures.
ERROR: 2025-11-18 15:23:36,976: get_xdg_pictures_folder() 'Could not get path to Pictures folder. Defaulting to ~/Pictures.'
Traceback (most recent call last):
  File "/nix/store/x1w5qm65s5rzzzmg08vzzlfc9f148rs9-variety-0.8.13/lib/python3.13/site-packages/variety/Util.py", line 818, in get_xdg_pictures_folder
    raise Exception("Could not get path to Pictures folder. Defaulting to ~/Pictures.")
Exception: Could not get path to Pictures folder. Defaulting to ~/Pictures.
ERROR: 2025-11-18 15:23:36,977: get_xdg_pictures_folder() 'Could not get path to Pictures folder. Defaulting to ~/Pictures.'
Traceback (most recent call last):
  File "/nix/store/x1w5qm65s5rzzzmg08vzzlfc9f148rs9-variety-0.8.13/lib/python3.13/site-packages/variety/Util.py", line 818, in get_xdg_pictures_folder
    raise Exception("Could not get path to Pictures folder. Defaulting to ~/Pictures.")
Exception: Could not get path to Pictures folder. Defaulting to ~/Pictures.
INFO: 2025-11-18 15:23:36,977: log_options() 'Loaded options:'
INFO: 2025-11-18 15:23:36,977: log_options() 'change_enabled = True'
INFO: 2025-11-18 15:23:36,978: log_options() 'change_interval = 300'
INFO: 2025-11-18 15:23:36,978: log_options() 'change_on_start = False'
INFO: 2025-11-18 15:23:36,978: log_options() 'clipboard_enabled = False'
INFO: 2025-11-18 15:23:36,978: log_options() 'clipboard_hosts = ['wallhaven.cc', 'wallpapers.net', 'flickr.com', 'imgur.com', 'deviantart.com', 'interfacelift.com', 'vladstudio.com', 'imageshack.us', 'deviantart.net', 'imageshack.com']'
INFO: 2025-11-18 15:23:36,978: log_options() 'clipboard_use_whitelist = True'
INFO: 2025-11-18 15:23:36,978: log_options() 'clock_date_font = Serif 30'
INFO: 2025-11-18 15:23:36,978: log_options() 'clock_enabled = False'
INFO: 2025-11-18 15:23:36,978: log_options() 'clock_filter = -density 100 -font `fc-match -f '%{file[0]}' '%CLOCK_FONT_NAME'` -pointsize %CLOCK_FONT_SIZE -gravity SouthEast -fill '#00000044' -annotate 0x0+[%HOFFSET+58]+[%VOFFSET+108] '%H:%M' -fill white -annotate 0x0+[%HOFFSET+60]+[%VOFFSET+110] '%H:%M' -font `fc-match -f '%{file[0]}' '%DATE_FONT_NAME'` -pointsize %DATE_FONT_SIZE -fill '#00000044' -annotate 0x0+[%HOFFSET+58]+[%VOFFSET+58] '%A, %B %d' -fill white -annotate 0x0+[%HOFFSET+60]+[%VOFFSET+60] '%A, %B %d''
INFO: 2025-11-18 15:23:36,978: log_options() 'clock_font = Serif 70'
INFO: 2025-11-18 15:23:36,978: log_options() 'configfile = /home/arthur.wambst/.config/variety/variety.conf'
INFO: 2025-11-18 15:23:36,978: log_options() 'copyto_enabled = True'
INFO: 2025-11-18 15:23:36,978: log_options() 'copyto_folder = /home/arthur.wambst/.cache/betterlockscreen/wallapaper'
INFO: 2025-11-18 15:23:36,978: log_options() 'desired_color = [160, 160, 160]'
INFO: 2025-11-18 15:23:36,978: log_options() 'desired_color_enabled = False'
INFO: 2025-11-18 15:23:36,978: log_options() 'download_folder = /home/arthur.wambst/.config/variety/Downloaded'
INFO: 2025-11-18 15:23:36,978: log_options() 'download_preference_ratio = 0.9'
INFO: 2025-11-18 15:23:36,978: log_options() 'favorites_folder = /home/arthur.wambst/.config/variety/Favorites'
INFO: 2025-11-18 15:23:36,978: log_options() 'favorites_operations = [['Downloaded', 'Copy'], ['Fetched', 'Move'], ['Others', 'Copy']]'
INFO: 2025-11-18 15:23:36,978: log_options() 'fetched_folder = /home/arthur.wambst/.config/variety/Fetched'
INFO: 2025-11-18 15:23:36,978: log_options() 'filters = [[True, 'Keep original', ''], [False, 'Grayscale', '-type Grayscale'], [False, 'Heavy blur', '-scale 20% -blur 0x10 -resize 500%'], [False, 'Soft blur', '-scale 20% -blur 0x2 -resize 500%'], [False, 'Oil painting', '-paint 8'], [False, 'Pointilism', '-spread 10 -noise 3'], [False, 'Pixellate', '-scale 3% -scale 3333%']]'
INFO: 2025-11-18 15:23:36,978: log_options() 'get_wallpaper_script = /home/arthur.wambst/.config/variety/scripts/get_wallpaper'
INFO: 2025-11-18 15:23:36,978: log_options() 'icon = Light'
INFO: 2025-11-18 15:23:36,978: log_options() 'internet_enabled = False'
INFO: 2025-11-18 15:23:36,978: log_options() 'lightness_enabled = False'
INFO: 2025-11-18 15:23:36,978: log_options() 'lightness_mode = 0'
INFO: 2025-11-18 15:23:36,978: log_options() 'min_rating = 4'
INFO: 2025-11-18 15:23:36,978: log_options() 'min_rating_enabled = False'
INFO: 2025-11-18 15:23:36,978: log_options() 'min_size = 80'
INFO: 2025-11-18 15:23:36,978: log_options() 'min_size_enabled = False'
INFO: 2025-11-18 15:23:36,978: log_options() 'name_regex = .*'
INFO: 2025-11-18 15:23:36,978: log_options() 'name_regex_enabled = False'
INFO: 2025-11-18 15:23:36,978: log_options() 'quota_enabled = True'
INFO: 2025-11-18 15:23:36,978: log_options() 'quota_size = 1000'
INFO: 2025-11-18 15:23:36,978: log_options() 'quotes_authors = '
INFO: 2025-11-18 15:23:36,978: log_options() 'quotes_bg_color = [80, 80, 80]'
INFO: 2025-11-18 15:23:36,978: log_options() 'quotes_bg_opacity = 0'
INFO: 2025-11-18 15:23:36,978: log_options() 'quotes_change_enabled = False'
INFO: 2025-11-18 15:23:36,978: log_options() 'quotes_change_interval = 300'
INFO: 2025-11-18 15:23:36,978: log_options() 'quotes_disabled_sources = ['Local text files', 'Urban Dictionary']'
INFO: 2025-11-18 15:23:36,978: log_options() 'quotes_enabled = False'
INFO: 2025-11-18 15:23:36,978: log_options() 'quotes_favorites_file = /home/arthur.wambst/.config/variety/favorite_quotes.txt'
INFO: 2025-11-18 15:23:36,978: log_options() 'quotes_font = Serif Italic 7'
INFO: 2025-11-18 15:23:36,978: log_options() 'quotes_hpos = 0'
INFO: 2025-11-18 15:23:36,978: log_options() 'quotes_max_length = 250'
INFO: 2025-11-18 15:23:36,978: log_options() 'quotes_tags = funny'
INFO: 2025-11-18 15:23:36,978: log_options() 'quotes_text_color = [255, 255, 255]'
INFO: 2025-11-18 15:23:36,978: log_options() 'quotes_text_shadow = False'
INFO: 2025-11-18 15:23:36,978: log_options() 'quotes_vpos = 100'
INFO: 2025-11-18 15:23:36,978: log_options() 'quotes_width = 61'
INFO: 2025-11-18 15:23:36,978: log_options() 'safe_mode = False'
INFO: 2025-11-18 15:23:36,978: log_options() 'set_wallpaper_script = /home/arthur.wambst/.config/variety/scripts/set_wallpaper'
INFO: 2025-11-18 15:23:36,978: log_options() 'slideshow_custom_enabled = False'
INFO: 2025-11-18 15:23:36,978: log_options() 'slideshow_custom_folder = /home/arthur.wambst/Pictures'
INFO: 2025-11-18 15:23:36,978: log_options() 'slideshow_downloads_enabled = False'
INFO: 2025-11-18 15:23:36,978: log_options() 'slideshow_fade = 0.4'
INFO: 2025-11-18 15:23:36,978: log_options() 'slideshow_favorites_enabled = True'
INFO: 2025-11-18 15:23:36,978: log_options() 'slideshow_mode = Fullscreen'
INFO: 2025-11-18 15:23:36,978: log_options() 'slideshow_monitor = All'
INFO: 2025-11-18 15:23:36,978: log_options() 'slideshow_pan = 0.05'
INFO: 2025-11-18 15:23:36,978: log_options() 'slideshow_seconds = 6.0'
INFO: 2025-11-18 15:23:36,978: log_options() 'slideshow_sort_order = Random'
INFO: 2025-11-18 15:23:36,978: log_options() 'slideshow_sources_enabled = True'
INFO: 2025-11-18 15:23:36,978: log_options() 'slideshow_zoom = 0.2'
INFO: 2025-11-18 15:23:36,978: set_visible() 'Showing indicator icon'
INFO: 2025-11-18 15:23:36,978: log_options() 'smart_enabled = False'
INFO: 2025-11-18 15:23:36,978: log_options() 'smart_notice_shown = False'
INFO: 2025-11-18 15:23:36,978: log_options() 'smart_register_shown = False'
INFO: 2025-11-18 15:23:36,978: log_options() 'sources = [[True, 'favorites', 'The Favorites folder'], [True, 'fetched', 'The Fetched folder'], [True, 'folder', '/usr/share/backgrounds'], [False, 'flickr', 'user:www.flickr.com/photos/peter-levi/;user_id:93647178@N00;'], [False, 'apod', "NASA's Astronomy Picture of the Day"], [False, 'bing', 'Bing Photo of the Day'], [False, 'earthview', 'Google Earth View Wallpapers'], [False, 'natgeo', "National Geographic's photo of the day"], [False, 'unsplash', 'High-resolution photos from Unsplash.com'], [False, 'folder', '/home/arthur.wambst/.config/wallpapers/knives_out'], [True, 'folder', '/home/arthur.wambst/.config/wallpapers']]'
INFO: 2025-11-18 15:23:36,978: set_from_theme_icon() 'Showing indicator icon variety-indicator from GTK theme'
INFO: 2025-11-18 15:23:36,978: log_options() 'stats_enabled = True'
INFO: 2025-11-18 15:23:36,978: log_options() 'stats_notice_shown = False'
INFO: 2025-11-18 15:23:36,978: log_options() 'sync_enabled = True'
INFO: 2025-11-18 15:23:36,978: log_options() 'use_landscape_enabled = True'
INFO: 2025-11-18 15:23:36,978: log_options() 'wallhaven_api_key = '
INFO: 2025-11-18 15:23:36,978: log_options() 'wallpaper_auto_rotate = False'
INFO: 2025-11-18 15:23:36,978: log_options() 'wallpaper_display_mode = fill-with-black'
INFO: 2025-11-18 15:23:36,978: reload_config() 'No need to clear prepared queue'
INFO: 2025-11-18 15:23:36,978: update_indicator() 'Setting file info to: /home/arthur.wambst/.config/wallpapers/old-ship-sunset.jpg'
INFO: 2025-11-18 15:23:36,979: prepare_thread() 'Prepared buffer contains 11 images'
INFO: 2025-11-18 15:23:37,079: do_set_wp() 'Calling do_set_wp with /home/arthur.wambst/.config/wallpapers/old-ship-sunset.jpg, time: 1763475817.0796657'
INFO: 2025-11-18 15:23:37,080: apply_display_mode() 'ImageMagick display mode cmd: convert /home/arthur.wambst/.config/wallpapers/old-ship-sunset.jpg -resize 1920x1080 -size 1920x1080 xc:black +swap -gravity center -composite /home/arthur.wambst/.config/variety/wallpaper/wallpaper-zoomed-64d2b232ba72c17a1fd91ce69ebc4820.jpg'
INFO: 2025-11-18 15:23:37,406: update_indicator() 'Setting file info to: /home/arthur.wambst/.config/wallpapers/old-ship-sunset.jpg'
INFO: 2025-11-18 15:23:38,979: trigger_download() 'Triggering download thread to check if download needed and possible'
INFO: 2025-11-18 15:23:41,002: trigger_download() 'Triggering download thread to check if download needed and possible'
INFO: 2025-11-18 15:23:41,101: apply() 'Applying preferences'
ERROR: 2025-11-18 15:23:41,102: get_xdg_pictures_folder() 'Could not get path to Pictures folder. Defaulting to ~/Pictures.'
Traceback (most recent call last):
  File "/nix/store/x1w5qm65s5rzzzmg08vzzlfc9f148rs9-variety-0.8.13/lib/python3.13/site-packages/variety/Util.py", line 818, in get_xdg_pictures_folder
    raise Exception("Could not get path to Pictures folder. Defaulting to ~/Pictures.")
Exception: Could not get path to Pictures folder. Defaulting to ~/Pictures.
ERROR: 2025-11-18 15:23:41,103: get_xdg_pictures_folder() 'Could not get path to Pictures folder. Defaulting to ~/Pictures.'
Traceback (most recent call last):
  File "/nix/store/x1w5qm65s5rzzzmg08vzzlfc9f148rs9-variety-0.8.13/lib/python3.13/site-packages/variety/Util.py", line 818, in get_xdg_pictures_folder
    raise Exception("Could not get path to Pictures folder. Defaulting to ~/Pictures.")
Exception: Could not get path to Pictures folder. Defaulting to ~/Pictures.
ERROR: 2025-11-18 15:23:41,104: get_xdg_pictures_folder() 'Could not get path to Pictures folder. Defaulting to ~/Pictures.'
Traceback (most recent call last):
  File "/nix/store/x1w5qm65s5rzzzmg08vzzlfc9f148rs9-variety-0.8.13/lib/python3.13/site-packages/variety/Util.py", line 818, in get_xdg_pictures_folder
    raise Exception("Could not get path to Pictures folder. Defaulting to ~/Pictures.")
Exception: Could not get path to Pictures folder. Defaulting to ~/Pictures.
ERROR: 2025-11-18 15:23:41,106: get_xdg_pictures_folder() 'Could not get path to Pictures folder. Defaulting to ~/Pictures.'
Traceback (most recent call last):
  File "/nix/store/x1w5qm65s5rzzzmg08vzzlfc9f148rs9-variety-0.8.13/lib/python3.13/site-packages/variety/Util.py", line 818, in get_xdg_pictures_folder
    raise Exception("Could not get path to Pictures folder. Defaulting to ~/Pictures.")
Exception: Could not get path to Pictures folder. Defaulting to ~/Pictures.
ERROR: 2025-11-18 15:23:41,107: get_xdg_pictures_folder() 'Could not get path to Pictures folder. Defaulting to ~/Pictures.'
Traceback (most recent call last):
  File "/nix/store/x1w5qm65s5rzzzmg08vzzlfc9f148rs9-variety-0.8.13/lib/python3.13/site-packages/variety/Util.py", line 818, in get_xdg_pictures_folder
    raise Exception("Could not get path to Pictures folder. Defaulting to ~/Pictures.")
Exception: Could not get path to Pictures folder. Defaulting to ~/Pictures.
INFO: 2025-11-18 15:23:41,108: set_visible() 'Showing indicator icon'
INFO: 2025-11-18 15:23:41,108: log_options() 'Loaded options:'
INFO: 2025-11-18 15:23:41,108: log_options() 'change_enabled = True'
INFO: 2025-11-18 15:23:41,108: log_options() 'change_interval = 300'
INFO: 2025-11-18 15:23:41,108: log_options() 'change_on_start = False'
INFO: 2025-11-18 15:23:41,108: set_from_theme_icon() 'Showing indicator icon variety-indicator from GTK theme'
INFO: 2025-11-18 15:23:41,108: log_options() 'clipboard_enabled = False'
INFO: 2025-11-18 15:23:41,108: log_options() 'clipboard_hosts = ['wallhaven.cc', 'wallpapers.net', 'flickr.com', 'imgur.com', 'deviantart.com', 'interfacelift.com', 'vladstudio.com', 'imageshack.us', 'deviantart.net', 'imageshack.com']'
INFO: 2025-11-18 15:23:41,108: log_options() 'clipboard_use_whitelist = True'
INFO: 2025-11-18 15:23:41,108: log_options() 'clock_date_font = Serif 30'
INFO: 2025-11-18 15:23:41,108: log_options() 'clock_enabled = False'
INFO: 2025-11-18 15:23:41,108: log_options() 'clock_filter = -density 100 -font `fc-match -f '%{file[0]}' '%CLOCK_FONT_NAME'` -pointsize %CLOCK_FONT_SIZE -gravity SouthEast -fill '#00000044' -annotate 0x0+[%HOFFSET+58]+[%VOFFSET+108] '%H:%M' -fill white -annotate 0x0+[%HOFFSET+60]+[%VOFFSET+110] '%H:%M' -font `fc-match -f '%{file[0]}' '%DATE_FONT_NAME'` -pointsize %DATE_FONT_SIZE -fill '#00000044' -annotate 0x0+[%HOFFSET+58]+[%VOFFSET+58] '%A, %B %d' -fill white -annotate 0x0+[%HOFFSET+60]+[%VOFFSET+60] '%A, %B %d''
INFO: 2025-11-18 15:23:41,108: log_options() 'clock_font = Serif 70'
INFO: 2025-11-18 15:23:41,108: log_options() 'configfile = /home/arthur.wambst/.config/variety/variety.conf'
INFO: 2025-11-18 15:23:41,108: log_options() 'copyto_enabled = True'
INFO: 2025-11-18 15:23:41,108: log_options() 'copyto_folder = /home/arthur.wambst/.cache/betterlockscreen/wallapaper'
INFO: 2025-11-18 15:23:41,108: log_options() 'desired_color = [160, 160, 160]'
INFO: 2025-11-18 15:23:41,108: log_options() 'desired_color_enabled = False'
INFO: 2025-11-18 15:23:41,108: log_options() 'download_folder = /home/arthur.wambst/.config/variety/Downloaded'
INFO: 2025-11-18 15:23:41,108: log_options() 'download_preference_ratio = 0.9'
INFO: 2025-11-18 15:23:41,109: log_options() 'favorites_folder = /home/arthur.wambst/.config/variety/Favorites'
INFO: 2025-11-18 15:23:41,109: log_options() 'favorites_operations = [['Downloaded', 'Copy'], ['Fetched', 'Move'], ['Others', 'Copy']]'
INFO: 2025-11-18 15:23:41,109: log_options() 'fetched_folder = /home/arthur.wambst/.config/variety/Fetched'
INFO: 2025-11-18 15:23:41,109: log_options() 'filters = [[True, 'Keep original', ''], [False, 'Grayscale', '-type Grayscale'], [False, 'Heavy blur', '-scale 20% -blur 0x10 -resize 500%'], [False, 'Soft blur', '-scale 20% -blur 0x2 -resize 500%'], [False, 'Oil painting', '-paint 8'], [False, 'Pointilism', '-spread 10 -noise 3'], [False, 'Pixellate', '-scale 3% -scale 3333%']]'
INFO: 2025-11-18 15:23:41,109: log_options() 'get_wallpaper_script = /home/arthur.wambst/.config/variety/scripts/get_wallpaper'
INFO: 2025-11-18 15:23:41,109: log_options() 'icon = Light'
INFO: 2025-11-18 15:23:41,109: log_options() 'internet_enabled = False'
INFO: 2025-11-18 15:23:41,109: log_options() 'lightness_enabled = False'
INFO: 2025-11-18 15:23:41,109: log_options() 'lightness_mode = 0'
INFO: 2025-11-18 15:23:41,109: log_options() 'min_rating = 4'
INFO: 2025-11-18 15:23:41,109: log_options() 'min_rating_enabled = False'
INFO: 2025-11-18 15:23:41,109: log_options() 'min_size = 80'
INFO: 2025-11-18 15:23:41,109: log_options() 'min_size_enabled = False'
INFO: 2025-11-18 15:23:41,109: log_options() 'name_regex = .*'
INFO: 2025-11-18 15:23:41,109: log_options() 'name_regex_enabled = False'
INFO: 2025-11-18 15:23:41,109: log_options() 'quota_enabled = True'
INFO: 2025-11-18 15:23:41,109: log_options() 'quota_size = 1000'
INFO: 2025-11-18 15:23:41,109: log_options() 'quotes_authors = '
INFO: 2025-11-18 15:23:41,109: log_options() 'quotes_bg_color = [80, 80, 80]'
INFO: 2025-11-18 15:23:41,109: log_options() 'quotes_bg_opacity = 0'
INFO: 2025-11-18 15:23:41,109: log_options() 'quotes_change_enabled = False'
INFO: 2025-11-18 15:23:41,109: log_options() 'quotes_change_interval = 300'
INFO: 2025-11-18 15:23:41,109: log_options() 'quotes_disabled_sources = ['Local text files', 'Urban Dictionary']'
INFO: 2025-11-18 15:23:41,109: log_options() 'quotes_enabled = False'
INFO: 2025-11-18 15:23:41,109: log_options() 'quotes_favorites_file = /home/arthur.wambst/.config/variety/favorite_quotes.txt'
INFO: 2025-11-18 15:23:41,109: log_options() 'quotes_font = Serif Italic 7'
INFO: 2025-11-18 15:23:41,109: log_options() 'quotes_hpos = 0'
INFO: 2025-11-18 15:23:41,109: log_options() 'quotes_max_length = 250'
INFO: 2025-11-18 15:23:41,109: log_options() 'quotes_tags = funny'
INFO: 2025-11-18 15:23:41,109: log_options() 'quotes_text_color = [255, 255, 255]'
INFO: 2025-11-18 15:23:41,109: log_options() 'quotes_text_shadow = False'
INFO: 2025-11-18 15:23:41,109: log_options() 'quotes_vpos = 100'
INFO: 2025-11-18 15:23:41,109: log_options() 'quotes_width = 61'
INFO: 2025-11-18 15:23:41,109: log_options() 'safe_mode = False'
INFO: 2025-11-18 15:23:41,110: log_options() 'set_wallpaper_script = /home/arthur.wambst/.config/variety/scripts/set_wallpaper'
INFO: 2025-11-18 15:23:41,110: log_options() 'slideshow_custom_enabled = False'
INFO: 2025-11-18 15:23:41,110: log_options() 'slideshow_custom_folder = /home/arthur.wambst/Pictures'
INFO: 2025-11-18 15:23:41,110: log_options() 'slideshow_downloads_enabled = False'
INFO: 2025-11-18 15:23:41,110: log_options() 'slideshow_fade = 0.4'
INFO: 2025-11-18 15:23:41,110: log_options() 'slideshow_favorites_enabled = True'
INFO: 2025-11-18 15:23:41,110: log_options() 'slideshow_mode = Fullscreen'
INFO: 2025-11-18 15:23:41,110: log_options() 'slideshow_monitor = All'
INFO: 2025-11-18 15:23:41,110: log_options() 'slideshow_pan = 0.05'
INFO: 2025-11-18 15:23:41,110: log_options() 'slideshow_seconds = 6.0'
INFO: 2025-11-18 15:23:41,110: log_options() 'slideshow_sort_order = Random'
INFO: 2025-11-18 15:23:41,110: log_options() 'slideshow_sources_enabled = True'
INFO: 2025-11-18 15:23:41,110: log_options() 'slideshow_zoom = 0.2'
INFO: 2025-11-18 15:23:41,110: log_options() 'smart_enabled = False'
INFO: 2025-11-18 15:23:41,110: log_options() 'smart_notice_shown = False'
INFO: 2025-11-18 15:23:41,110: log_options() 'smart_register_shown = False'
INFO: 2025-11-18 15:23:41,110: log_options() 'sources = [[True, 'favorites', 'The Favorites folder'], [True, 'fetched', 'The Fetched folder'], [True, 'folder', '/usr/share/backgrounds'], [False, 'flickr', 'user:www.flickr.com/photos/peter-levi/;user_id:93647178@N00;'], [False, 'apod', "NASA's Astronomy Picture of the Day"], [False, 'bing', 'Bing Photo of the Day'], [False, 'earthview', 'Google Earth View Wallpapers'], [False, 'natgeo', "National Geographic's photo of the day"], [False, 'unsplash', 'High-resolution photos from Unsplash.com'], [False, 'folder', '/home/arthur.wambst/.config/wallpapers/knives_out'], [True, 'folder', '/home/arthur.wambst/.config/wallpapers']]'
INFO: 2025-11-18 15:23:41,110: log_options() 'stats_enabled = True'
INFO: 2025-11-18 15:23:41,110: log_options() 'stats_notice_shown = False'
INFO: 2025-11-18 15:23:41,110: log_options() 'sync_enabled = True'
INFO: 2025-11-18 15:23:41,110: log_options() 'use_landscape_enabled = True'
INFO: 2025-11-18 15:23:41,110: log_options() 'wallhaven_api_key = '
INFO: 2025-11-18 15:23:41,110: log_options() 'wallpaper_auto_rotate = False'
INFO: 2025-11-18 15:23:41,110: log_options() 'wallpaper_display_mode = fill-with-black'
INFO: 2025-11-18 15:23:41,110: reload_config() 'No need to clear prepared queue'
INFO: 2025-11-18 15:23:41,110: update_indicator() 'Setting file info to: /home/arthur.wambst/.config/wallpapers/old-ship-sunset.jpg'
INFO: 2025-11-18 15:23:41,111: prepare_thread() 'Prepared buffer contains 11 images'
INFO: 2025-11-18 15:23:41,211: do_set_wp() 'Calling do_set_wp with /home/arthur.wambst/.config/wallpapers/old-ship-sunset.jpg, time: 1763475821.211558'
INFO: 2025-11-18 15:23:41,212: apply_display_mode() 'ImageMagick display mode cmd: convert /home/arthur.wambst/.config/wallpapers/old-ship-sunset.jpg -resize 1920x1080 -size 1920x1080 xc:black +swap -gravity center -composite /home/arthur.wambst/.config/variety/wallpaper/wallpaper-zoomed-fcde94cc0e9ee71f4eb20140d110fda3.jpg'
INFO: 2025-11-18 15:23:41,530: update_indicator() 'Setting file info to: /home/arthur.wambst/.config/wallpapers/old-ship-sunset.jpg'
INFO: 2025-11-18 15:23:43,111: trigger_download() 'Triggering download thread to check if download needed and possible'
INFO: 2025-11-18 15:23:52,386: update_indicator() 'Setting file info to: /home/arthur.wambst/.config/wallpapers/old-ship-sunset.jpg'
INFO: 2025-11-18 15:23:52,387: regular_change_thread() 'regular_change: waiting till user resumes'
INFO: 2025-11-18 15:23:52,482: apply() 'Applying preferences'
ERROR: 2025-11-18 15:23:52,483: get_xdg_pictures_folder() 'Could not get path to Pictures folder. Defaulting to ~/Pictures.'
Traceback (most recent call last):
  File "/nix/store/x1w5qm65s5rzzzmg08vzzlfc9f148rs9-variety-0.8.13/lib/python3.13/site-packages/variety/Util.py", line 818, in get_xdg_pictures_folder
    raise Exception("Could not get path to Pictures folder. Defaulting to ~/Pictures.")
Exception: Could not get path to Pictures folder. Defaulting to ~/Pictures.
ERROR: 2025-11-18 15:23:52,486: get_xdg_pictures_folder() 'Could not get path to Pictures folder. Defaulting to ~/Pictures.'
Traceback (most recent call last):
  File "/nix/store/x1w5qm65s5rzzzmg08vzzlfc9f148rs9-variety-0.8.13/lib/python3.13/site-packages/variety/Util.py", line 818, in get_xdg_pictures_folder
    raise Exception("Could not get path to Pictures folder. Defaulting to ~/Pictures.")
Exception: Could not get path to Pictures folder. Defaulting to ~/Pictures.
ERROR: 2025-11-18 15:23:52,488: get_xdg_pictures_folder() 'Could not get path to Pictures folder. Defaulting to ~/Pictures.'
Traceback (most recent call last):
  File "/nix/store/x1w5qm65s5rzzzmg08vzzlfc9f148rs9-variety-0.8.13/lib/python3.13/site-packages/variety/Util.py", line 818, in get_xdg_pictures_folder
    raise Exception("Could not get path to Pictures folder. Defaulting to ~/Pictures.")
Exception: Could not get path to Pictures folder. Defaulting to ~/Pictures.
ERROR: 2025-11-18 15:23:52,489: get_xdg_pictures_folder() 'Could not get path to Pictures folder. Defaulting to ~/Pictures.'
Traceback (most recent call last):
  File "/nix/store/x1w5qm65s5rzzzmg08vzzlfc9f148rs9-variety-0.8.13/lib/python3.13/site-packages/variety/Util.py", line 818, in get_xdg_pictures_folder
    raise Exception("Could not get path to Pictures folder. Defaulting to ~/Pictures.")
Exception: Could not get path to Pictures folder. Defaulting to ~/Pictures.
ERROR: 2025-11-18 15:23:52,490: get_xdg_pictures_folder() 'Could not get path to Pictures folder. Defaulting to ~/Pictures.'
Traceback (most recent call last):
  File "/nix/store/x1w5qm65s5rzzzmg08vzzlfc9f148rs9-variety-0.8.13/lib/python3.13/site-packages/variety/Util.py", line 818, in get_xdg_pictures_folder
    raise Exception("Could not get path to Pictures folder. Defaulting to ~/Pictures.")
Exception: Could not get path to Pictures folder. Defaulting to ~/Pictures.
INFO: 2025-11-18 15:23:52,490: set_visible() 'Showing indicator icon'
INFO: 2025-11-18 15:23:52,490: log_options() 'Loaded options:'
INFO: 2025-11-18 15:23:52,490: log_options() 'change_enabled = False'
INFO: 2025-11-18 15:23:52,490: log_options() 'change_interval = 300'
INFO: 2025-11-18 15:23:52,490: log_options() 'change_on_start = False'
INFO: 2025-11-18 15:23:52,490: log_options() 'clipboard_enabled = False'
INFO: 2025-11-18 15:23:52,490: log_options() 'clipboard_hosts = ['wallhaven.cc', 'wallpapers.net', 'flickr.com', 'imgur.com', 'deviantart.com', 'interfacelift.com', 'vladstudio.com', 'imageshack.us', 'deviantart.net', 'imageshack.com']'
INFO: 2025-11-18 15:23:52,490: log_options() 'clipboard_use_whitelist = True'
INFO: 2025-11-18 15:23:52,491: log_options() 'clock_date_font = Serif 30'
INFO: 2025-11-18 15:23:52,491: log_options() 'clock_enabled = False'
INFO: 2025-11-18 15:23:52,491: log_options() 'clock_filter = -density 100 -font `fc-match -f '%{file[0]}' '%CLOCK_FONT_NAME'` -pointsize %CLOCK_FONT_SIZE -gravity SouthEast -fill '#00000044' -annotate 0x0+[%HOFFSET+58]+[%VOFFSET+108] '%H:%M' -fill white -annotate 0x0+[%HOFFSET+60]+[%VOFFSET+110] '%H:%M' -font `fc-match -f '%{file[0]}' '%DATE_FONT_NAME'` -pointsize %DATE_FONT_SIZE -fill '#00000044' -annotate 0x0+[%HOFFSET+58]+[%VOFFSET+58] '%A, %B %d' -fill white -annotate 0x0+[%HOFFSET+60]+[%VOFFSET+60] '%A, %B %d''
INFO: 2025-11-18 15:23:52,491: log_options() 'clock_font = Serif 70'
INFO: 2025-11-18 15:23:52,491: log_options() 'configfile = /home/arthur.wambst/.config/variety/variety.conf'
INFO: 2025-11-18 15:23:52,491: log_options() 'copyto_enabled = True'
INFO: 2025-11-18 15:23:52,491: log_options() 'copyto_folder = /home/arthur.wambst/.cache/betterlockscreen/wallapaper'
INFO: 2025-11-18 15:23:52,491: log_options() 'desired_color = [160, 160, 160]'
INFO: 2025-11-18 15:23:52,491: log_options() 'desired_color_enabled = False'
INFO: 2025-11-18 15:23:52,491: log_options() 'download_folder = /home/arthur.wambst/.config/variety/Downloaded'
INFO: 2025-11-18 15:23:52,491: log_options() 'download_preference_ratio = 0.9'
INFO: 2025-11-18 15:23:52,491: log_options() 'favorites_folder = /home/arthur.wambst/.config/variety/Favorites'
INFO: 2025-11-18 15:23:52,491: log_options() 'favorites_operations = [['Downloaded', 'Copy'], ['Fetched', 'Move'], ['Others', 'Copy']]'
INFO: 2025-11-18 15:23:52,491: log_options() 'fetched_folder = /home/arthur.wambst/.config/variety/Fetched'
INFO: 2025-11-18 15:23:52,491: log_options() 'filters = [[True, 'Keep original', ''], [False, 'Grayscale', '-type Grayscale'], [False, 'Heavy blur', '-scale 20% -blur 0x10 -resize 500%'], [False, 'Soft blur', '-scale 20% -blur 0x2 -resize 500%'], [False, 'Oil painting', '-paint 8'], [False, 'Pointilism', '-spread 10 -noise 3'], [False, 'Pixellate', '-scale 3% -scale 3333%']]'
INFO: 2025-11-18 15:23:52,491: log_options() 'get_wallpaper_script = /home/arthur.wambst/.config/variety/scripts/get_wallpaper'
INFO: 2025-11-18 15:23:52,491: log_options() 'icon = Light'
INFO: 2025-11-18 15:23:52,491: set_from_theme_icon() 'Showing indicator icon variety-indicator from GTK theme'
INFO: 2025-11-18 15:23:52,491: log_options() 'internet_enabled = False'
INFO: 2025-11-18 15:23:52,491: log_options() 'lightness_enabled = False'
INFO: 2025-11-18 15:23:52,491: log_options() 'lightness_mode = 0'
INFO: 2025-11-18 15:23:52,491: log_options() 'min_rating = 4'
INFO: 2025-11-18 15:23:52,491: log_options() 'min_rating_enabled = False'
INFO: 2025-11-18 15:23:52,491: log_options() 'min_size = 80'
INFO: 2025-11-18 15:23:52,491: log_options() 'min_size_enabled = False'
INFO: 2025-11-18 15:23:52,491: log_options() 'name_regex = .*'
INFO: 2025-11-18 15:23:52,491: log_options() 'name_regex_enabled = False'
INFO: 2025-11-18 15:23:52,491: log_options() 'quota_enabled = True'
INFO: 2025-11-18 15:23:52,491: log_options() 'quota_size = 1000'
INFO: 2025-11-18 15:23:52,491: log_options() 'quotes_authors = '
INFO: 2025-11-18 15:23:52,491: log_options() 'quotes_bg_color = [80, 80, 80]'
INFO: 2025-11-18 15:23:52,491: log_options() 'quotes_bg_opacity = 0'
INFO: 2025-11-18 15:23:52,491: log_options() 'quotes_change_enabled = False'
INFO: 2025-11-18 15:23:52,491: log_options() 'quotes_change_interval = 300'
INFO: 2025-11-18 15:23:52,491: log_options() 'quotes_disabled_sources = ['Local text files', 'Urban Dictionary']'
INFO: 2025-11-18 15:23:52,491: log_options() 'quotes_enabled = False'
INFO: 2025-11-18 15:23:52,491: log_options() 'quotes_favorites_file = /home/arthur.wambst/.config/variety/favorite_quotes.txt'
INFO: 2025-11-18 15:23:52,491: log_options() 'quotes_font = Serif Italic 7'
INFO: 2025-11-18 15:23:52,491: log_options() 'quotes_hpos = 0'
INFO: 2025-11-18 15:23:52,491: log_options() 'quotes_max_length = 250'
INFO: 2025-11-18 15:23:52,491: log_options() 'quotes_tags = funny'
INFO: 2025-11-18 15:23:52,491: log_options() 'quotes_text_color = [255, 255, 255]'
INFO: 2025-11-18 15:23:52,491: log_options() 'quotes_text_shadow = False'
INFO: 2025-11-18 15:23:52,491: log_options() 'quotes_vpos = 100'
INFO: 2025-11-18 15:23:52,491: log_options() 'quotes_width = 61'
INFO: 2025-11-18 15:23:52,491: log_options() 'safe_mode = False'
INFO: 2025-11-18 15:23:52,491: log_options() 'set_wallpaper_script = /home/arthur.wambst/.config/variety/scripts/set_wallpaper'
INFO: 2025-11-18 15:23:52,491: log_options() 'slideshow_custom_enabled = False'
INFO: 2025-11-18 15:23:52,491: log_options() 'slideshow_custom_folder = /home/arthur.wambst/Pictures'
INFO: 2025-11-18 15:23:52,491: log_options() 'slideshow_downloads_enabled = False'
INFO: 2025-11-18 15:23:52,491: log_options() 'slideshow_fade = 0.4'
INFO: 2025-11-18 15:23:52,491: log_options() 'slideshow_favorites_enabled = True'
INFO: 2025-11-18 15:23:52,491: log_options() 'slideshow_mode = Fullscreen'
INFO: 2025-11-18 15:23:52,491: log_options() 'slideshow_monitor = All'
INFO: 2025-11-18 15:23:52,491: log_options() 'slideshow_pan = 0.05'
INFO: 2025-11-18 15:23:52,491: log_options() 'slideshow_seconds = 6.0'
INFO: 2025-11-18 15:23:52,491: log_options() 'slideshow_sort_order = Random'
INFO: 2025-11-18 15:23:52,491: log_options() 'slideshow_sources_enabled = True'
INFO: 2025-11-18 15:23:52,491: log_options() 'slideshow_zoom = 0.2'
INFO: 2025-11-18 15:23:52,491: log_options() 'smart_enabled = False'
INFO: 2025-11-18 15:23:52,491: log_options() 'smart_notice_shown = False'
INFO: 2025-11-18 15:23:52,491: log_options() 'smart_register_shown = False'
INFO: 2025-11-18 15:23:52,491: log_options() 'sources = [[True, 'favorites', 'The Favorites folder'], [True, 'fetched', 'The Fetched folder'], [True, 'folder', '/usr/share/backgrounds'], [False, 'flickr', 'user:www.flickr.com/photos/peter-levi/;user_id:93647178@N00;'], [False, 'apod', "NASA's Astronomy Picture of the Day"], [False, 'bing', 'Bing Photo of the Day'], [False, 'earthview', 'Google Earth View Wallpapers'], [False, 'natgeo', "National Geographic's photo of the day"], [False, 'unsplash', 'High-resolution photos from Unsplash.com'], [False, 'folder', '/home/arthur.wambst/.config/wallpapers/knives_out'], [True, 'folder', '/home/arthur.wambst/.config/wallpapers']]'
INFO: 2025-11-18 15:23:52,491: log_options() 'stats_enabled = True'
INFO: 2025-11-18 15:23:52,491: log_options() 'stats_notice_shown = False'
INFO: 2025-11-18 15:23:52,491: log_options() 'sync_enabled = True'
INFO: 2025-11-18 15:23:52,491: log_options() 'use_landscape_enabled = True'
INFO: 2025-11-18 15:23:52,491: log_options() 'wallhaven_api_key = '
INFO: 2025-11-18 15:23:52,491: log_options() 'wallpaper_auto_rotate = False'
INFO: 2025-11-18 15:23:52,491: log_options() 'wallpaper_display_mode = fill-with-black'
INFO: 2025-11-18 15:23:52,491: reload_config() 'No need to clear prepared queue'
INFO: 2025-11-18 15:23:52,492: update_indicator() 'Setting file info to: /home/arthur.wambst/.config/wallpapers/old-ship-sunset.jpg'
INFO: 2025-11-18 15:23:52,492: regular_change_thread() 'regular_change: waiting till user resumes'
INFO: 2025-11-18 15:23:52,492: prepare_thread() 'Prepared buffer contains 11 images'
INFO: 2025-11-18 15:23:52,593: do_set_wp() 'Calling do_set_wp with /home/arthur.wambst/.config/wallpapers/old-ship-sunset.jpg, time: 1763475832.5932107'
INFO: 2025-11-18 15:23:52,594: apply_display_mode() 'ImageMagick display mode cmd: convert /home/arthur.wambst/.config/wallpapers/old-ship-sunset.jpg -resize 1920x1080 -size 1920x1080 xc:black +swap -gravity center -composite /home/arthur.wambst/.config/variety/wallpaper/wallpaper-zoomed-b5678d36960157f9d9d6675874684b0b.jpg'
INFO: 2025-11-18 15:23:52,931: update_indicator() 'Setting file info to: /home/arthur.wambst/.config/wallpapers/old-ship-sunset.jpg'
INFO: 2025-11-18 15:23:54,493: trigger_download() 'Triggering download thread to check if download needed and possible'
INFO: 2025-11-18 15:24:15,760: reload() 'Reloading preferences dialog'
ERROR: 2025-11-18 15:24:15,760: get_xdg_pictures_folder() 'Could not get path to Pictures folder. Defaulting to ~/Pictures.'
Traceback (most recent call last):
  File "/nix/store/x1w5qm65s5rzzzmg08vzzlfc9f148rs9-variety-0.8.13/lib/python3.13/site-packages/variety/Util.py", line 818, in get_xdg_pictures_folder
    raise Exception("Could not get path to Pictures folder. Defaulting to ~/Pictures.")
Exception: Could not get path to Pictures folder. Defaulting to ~/Pictures.
ERROR: 2025-11-18 15:24:15,762: get_xdg_pictures_folder() 'Could not get path to Pictures folder. Defaulting to ~/Pictures.'
Traceback (most recent call last):
  File "/nix/store/x1w5qm65s5rzzzmg08vzzlfc9f148rs9-variety-0.8.13/lib/python3.13/site-packages/variety/Util.py", line 818, in get_xdg_pictures_folder
    raise Exception("Could not get path to Pictures folder. Defaulting to ~/Pictures.")
Exception: Could not get path to Pictures folder. Defaulting to ~/Pictures.
ERROR: 2025-11-18 15:24:15,765: get_file_icon_name() 'Exception while obtaining folder icon for /home/arthur.wambst/Pictures:'
Traceback (most recent call last):
  File "/nix/store/x1w5qm65s5rzzzmg08vzzlfc9f148rs9-variety-0.8.13/lib/python3.13/site-packages/variety/Util.py", line 803, in get_file_icon_name
    query_info = f.query_info("standard::icon", Gio.FileQueryInfoFlags.NONE, None)
gi.repository.GLib.GError: g-io-error-quark: Error when getting information for file “/home/arthur.wambst/Pictures”: No such file or directory (1)
ERROR: 2025-11-18 15:24:15,774: get_xdg_pictures_folder() 'Could not get path to Pictures folder. Defaulting to ~/Pictures.'
Traceback (most recent call last):
  File "/nix/store/x1w5qm65s5rzzzmg08vzzlfc9f148rs9-variety-0.8.13/lib/python3.13/site-packages/variety/Util.py", line 818, in get_xdg_pictures_folder
    raise Exception("Could not get path to Pictures folder. Defaulting to ~/Pictures.")
Exception: Could not get path to Pictures folder. Defaulting to ~/Pictures.
INFO: 2025-11-18 15:24:34,907: trigger_download() 'Triggering download thread to check if download needed and possible'
INFO: 2025-11-18 15:24:35,006: apply() 'Applying preferences'
ERROR: 2025-11-18 15:24:35,007: get_xdg_pictures_folder() 'Could not get path to Pictures folder. Defaulting to ~/Pictures.'
Traceback (most recent call last):
  File "/nix/store/x1w5qm65s5rzzzmg08vzzlfc9f148rs9-variety-0.8.13/lib/python3.13/site-packages/variety/Util.py", line 818, in get_xdg_pictures_folder
    raise Exception("Could not get path to Pictures folder. Defaulting to ~/Pictures.")
Exception: Could not get path to Pictures folder. Defaulting to ~/Pictures.
ERROR: 2025-11-18 15:24:35,013: get_xdg_pictures_folder() 'Could not get path to Pictures folder. Defaulting to ~/Pictures.'
Traceback (most recent call last):
  File "/nix/store/x1w5qm65s5rzzzmg08vzzlfc9f148rs9-variety-0.8.13/lib/python3.13/site-packages/variety/Util.py", line 818, in get_xdg_pictures_folder
    raise Exception("Could not get path to Pictures folder. Defaulting to ~/Pictures.")
Exception: Could not get path to Pictures folder. Defaulting to ~/Pictures.
ERROR: 2025-11-18 15:24:35,015: get_xdg_pictures_folder() 'Could not get path to Pictures folder. Defaulting to ~/Pictures.'
Traceback (most recent call last):
  File "/nix/store/x1w5qm65s5rzzzmg08vzzlfc9f148rs9-variety-0.8.13/lib/python3.13/site-packages/variety/Util.py", line 818, in get_xdg_pictures_folder
    raise Exception("Could not get path to Pictures folder. Defaulting to ~/Pictures.")
Exception: Could not get path to Pictures folder. Defaulting to ~/Pictures.
ERROR: 2025-11-18 15:24:35,018: get_xdg_pictures_folder() 'Could not get path to Pictures folder. Defaulting to ~/Pictures.'
Traceback (most recent call last):
  File "/nix/store/x1w5qm65s5rzzzmg08vzzlfc9f148rs9-variety-0.8.13/lib/python3.13/site-packages/variety/Util.py", line 818, in get_xdg_pictures_folder
    raise Exception("Could not get path to Pictures folder. Defaulting to ~/Pictures.")
Exception: Could not get path to Pictures folder. Defaulting to ~/Pictures.
ERROR: 2025-11-18 15:24:35,019: get_xdg_pictures_folder() 'Could not get path to Pictures folder. Defaulting to ~/Pictures.'
Traceback (most recent call last):
  File "/nix/store/x1w5qm65s5rzzzmg08vzzlfc9f148rs9-variety-0.8.13/lib/python3.13/site-packages/variety/Util.py", line 818, in get_xdg_pictures_folder
    raise Exception("Could not get path to Pictures folder. Defaulting to ~/Pictures.")
Exception: Could not get path to Pictures folder. Defaulting to ~/Pictures.
INFO: 2025-11-18 15:24:35,019: log_options() 'Loaded options:'
INFO: 2025-11-18 15:24:35,019: log_options() 'change_enabled = False'
INFO: 2025-11-18 15:24:35,019: log_options() 'change_interval = 300'
INFO: 2025-11-18 15:24:35,019: log_options() 'change_on_start = False'
INFO: 2025-11-18 15:24:35,019: log_options() 'clipboard_enabled = False'
INFO: 2025-11-18 15:24:35,019: log_options() 'clipboard_hosts = ['wallhaven.cc', 'wallpapers.net', 'flickr.com', 'imgur.com', 'deviantart.com', 'interfacelift.com', 'vladstudio.com', 'imageshack.us', 'deviantart.net', 'imageshack.com']'
INFO: 2025-11-18 15:24:35,019: log_options() 'clipboard_use_whitelist = True'
INFO: 2025-11-18 15:24:35,019: log_options() 'clock_date_font = Serif 30'
INFO: 2025-11-18 15:24:35,019: log_options() 'clock_enabled = False'
INFO: 2025-11-18 15:24:35,019: log_options() 'clock_filter = -density 100 -font `fc-match -f '%{file[0]}' '%CLOCK_FONT_NAME'` -pointsize %CLOCK_FONT_SIZE -gravity SouthEast -fill '#00000044' -annotate 0x0+[%HOFFSET+58]+[%VOFFSET+108] '%H:%M' -fill white -annotate 0x0+[%HOFFSET+60]+[%VOFFSET+110] '%H:%M' -font `fc-match -f '%{file[0]}' '%DATE_FONT_NAME'` -pointsize %DATE_FONT_SIZE -fill '#00000044' -annotate 0x0+[%HOFFSET+58]+[%VOFFSET+58] '%A, %B %d' -fill white -annotate 0x0+[%HOFFSET+60]+[%VOFFSET+60] '%A, %B %d''
INFO: 2025-11-18 15:24:35,019: log_options() 'clock_font = Serif 70'
INFO: 2025-11-18 15:24:35,019: log_options() 'configfile = /home/arthur.wambst/.config/variety/variety.conf'
INFO: 2025-11-18 15:24:35,019: log_options() 'copyto_enabled = True'
INFO: 2025-11-18 15:24:35,019: log_options() 'copyto_folder = /home/arthur.wambst/.cache/betterlockscreen/wallapaper'
INFO: 2025-11-18 15:24:35,019: log_options() 'desired_color = [160, 160, 160]'
INFO: 2025-11-18 15:24:35,019: log_options() 'desired_color_enabled = False'
INFO: 2025-11-18 15:24:35,019: log_options() 'download_folder = /home/arthur.wambst/.config/variety/Downloaded'
INFO: 2025-11-18 15:24:35,019: log_options() 'download_preference_ratio = 0.9'
INFO: 2025-11-18 15:24:35,019: log_options() 'favorites_folder = /home/arthur.wambst/.config/variety/Favorites'
INFO: 2025-11-18 15:24:35,019: log_options() 'favorites_operations = [['Downloaded', 'Copy'], ['Fetched', 'Move'], ['Others', 'Copy']]'
INFO: 2025-11-18 15:24:35,019: log_options() 'fetched_folder = /home/arthur.wambst/.config/variety/Fetched'
INFO: 2025-11-18 15:24:35,019: log_options() 'filters = [[True, 'Keep original', ''], [False, 'Grayscale', '-type Grayscale'], [False, 'Heavy blur', '-scale 20% -blur 0x10 -resize 500%'], [False, 'Soft blur', '-scale 20% -blur 0x2 -resize 500%'], [False, 'Oil painting', '-paint 8'], [False, 'Pointilism', '-spread 10 -noise 3'], [False, 'Pixellate', '-scale 3% -scale 3333%']]'
INFO: 2025-11-18 15:24:35,019: log_options() 'get_wallpaper_script = /home/arthur.wambst/.config/variety/scripts/get_wallpaper'
INFO: 2025-11-18 15:24:35,019: log_options() 'icon = Light'
INFO: 2025-11-18 15:24:35,019: log_options() 'internet_enabled = False'
INFO: 2025-11-18 15:24:35,019: log_options() 'lightness_enabled = False'
INFO: 2025-11-18 15:24:35,019: log_options() 'lightness_mode = 0'
INFO: 2025-11-18 15:24:35,019: log_options() 'min_rating = 4'
INFO: 2025-11-18 15:24:35,019: log_options() 'min_rating_enabled = False'
INFO: 2025-11-18 15:24:35,019: log_options() 'min_size = 80'
INFO: 2025-11-18 15:24:35,019: log_options() 'min_size_enabled = False'
INFO: 2025-11-18 15:24:35,019: log_options() 'name_regex = .*'
INFO: 2025-11-18 15:24:35,019: log_options() 'name_regex_enabled = False'
INFO: 2025-11-18 15:24:35,019: log_options() 'quota_enabled = True'
INFO: 2025-11-18 15:24:35,019: log_options() 'quota_size = 1000'
INFO: 2025-11-18 15:24:35,019: set_visible() 'Showing indicator icon'
INFO: 2025-11-18 15:24:35,019: log_options() 'quotes_authors = '
INFO: 2025-11-18 15:24:35,019: log_options() 'quotes_bg_color = [80, 80, 80]'
INFO: 2025-11-18 15:24:35,019: log_options() 'quotes_bg_opacity = 0'
INFO: 2025-11-18 15:24:35,019: log_options() 'quotes_change_enabled = False'
INFO: 2025-11-18 15:24:35,019: log_options() 'quotes_change_interval = 300'
INFO: 2025-11-18 15:24:35,019: log_options() 'quotes_disabled_sources = ['Local text files', 'Urban Dictionary']'
INFO: 2025-11-18 15:24:35,019: log_options() 'quotes_enabled = False'
INFO: 2025-11-18 15:24:35,019: log_options() 'quotes_favorites_file = /home/arthur.wambst/.config/variety/favorite_quotes.txt'
INFO: 2025-11-18 15:24:35,019: log_options() 'quotes_font = Serif Italic 7'
INFO: 2025-11-18 15:24:35,019: log_options() 'quotes_hpos = 0'
INFO: 2025-11-18 15:24:35,019: log_options() 'quotes_max_length = 250'
INFO: 2025-11-18 15:24:35,019: log_options() 'quotes_tags = funny'
INFO: 2025-11-18 15:24:35,019: log_options() 'quotes_text_color = [255, 255, 255]'
INFO: 2025-11-18 15:24:35,019: log_options() 'quotes_text_shadow = False'
INFO: 2025-11-18 15:24:35,019: log_options() 'quotes_vpos = 100'
INFO: 2025-11-18 15:24:35,019: log_options() 'quotes_width = 61'
INFO: 2025-11-18 15:24:35,019: log_options() 'safe_mode = False'
INFO: 2025-11-18 15:24:35,019: log_options() 'set_wallpaper_script = /home/arthur.wambst/.config/variety/scripts/set_wallpaper'
INFO: 2025-11-18 15:24:35,019: log_options() 'slideshow_custom_enabled = False'
INFO: 2025-11-18 15:24:35,019: log_options() 'slideshow_custom_folder = /home/arthur.wambst/Pictures'
INFO: 2025-11-18 15:24:35,019: log_options() 'slideshow_downloads_enabled = False'
INFO: 2025-11-18 15:24:35,019: log_options() 'slideshow_fade = 0.4'
INFO: 2025-11-18 15:24:35,019: log_options() 'slideshow_favorites_enabled = True'
INFO: 2025-11-18 15:24:35,019: log_options() 'slideshow_mode = Fullscreen'
INFO: 2025-11-18 15:24:35,020: log_options() 'slideshow_monitor = All'
INFO: 2025-11-18 15:24:35,020: log_options() 'slideshow_pan = 0.05'
INFO: 2025-11-18 15:24:35,020: log_options() 'slideshow_seconds = 6.0'
INFO: 2025-11-18 15:24:35,020: log_options() 'slideshow_sort_order = Random'
INFO: 2025-11-18 15:24:35,020: log_options() 'slideshow_sources_enabled = True'
INFO: 2025-11-18 15:24:35,020: log_options() 'slideshow_zoom = 0.2'
INFO: 2025-11-18 15:24:35,020: log_options() 'smart_enabled = False'
INFO: 2025-11-18 15:24:35,020: log_options() 'smart_notice_shown = False'
INFO: 2025-11-18 15:24:35,020: log_options() 'smart_register_shown = False'
INFO: 2025-11-18 15:24:35,020: log_options() 'sources = [[True, 'favorites', 'The Favorites folder'], [True, 'fetched', 'The Fetched folder'], [True, 'folder', '/usr/share/backgrounds'], [False, 'flickr', 'user:www.flickr.com/photos/peter-levi/;user_id:93647178@N00;'], [False, 'apod', "NASA's Astronomy Picture of the Day"], [False, 'bing', 'Bing Photo of the Day'], [False, 'earthview', 'Google Earth View Wallpapers'], [False, 'natgeo', "National Geographic's photo of the day"], [False, 'unsplash', 'High-resolution photos from Unsplash.com'], [False, 'folder', '/home/arthur.wambst/.config/wallpapers/knives_out'], [True, 'folder', '/home/arthur.wambst/.config/wallpapers']]'
INFO: 2025-11-18 15:24:35,020: log_options() 'stats_enabled = True'
INFO: 2025-11-18 15:24:35,020: log_options() 'stats_notice_shown = False'
INFO: 2025-11-18 15:24:35,020: log_options() 'sync_enabled = True'
INFO: 2025-11-18 15:24:35,020: log_options() 'use_landscape_enabled = True'
INFO: 2025-11-18 15:24:35,020: log_options() 'wallhaven_api_key = '
INFO: 2025-11-18 15:24:35,020: log_options() 'wallpaper_auto_rotate = False'
INFO: 2025-11-18 15:24:35,020: log_options() 'wallpaper_display_mode = fill-with-black'
INFO: 2025-11-18 15:24:35,020: reload_config() 'No need to clear prepared queue'
INFO: 2025-11-18 15:24:35,020: update_indicator() 'Setting file info to: /home/arthur.wambst/.config/wallpapers/old-ship-sunset.jpg'
INFO: 2025-11-18 15:24:35,020: set_from_theme_icon() 'Showing indicator icon variety-indicator from GTK theme'
INFO: 2025-11-18 15:24:35,020: regular_change_thread() 'regular_change: waiting till user resumes'
INFO: 2025-11-18 15:24:35,020: prepare_thread() 'Prepared buffer contains 11 images'
INFO: 2025-11-18 15:24:35,121: do_set_wp() 'Calling do_set_wp with /home/arthur.wambst/.config/wallpapers/old-ship-sunset.jpg, time: 1763475875.1217551'
INFO: 2025-11-18 15:24:35,123: apply_display_mode() 'ImageMagick display mode cmd: convert /home/arthur.wambst/.config/wallpapers/old-ship-sunset.jpg -resize 1920x1080 -size 1920x1080 xc:black +swap -gravity center -composite /home/arthur.wambst/.config/variety/wallpaper/wallpaper-zoomed-2a882a436f6de02709a6a897c6f8e7bc.jpg'
INFO: 2025-11-18 15:24:35,460: update_indicator() 'Setting file info to: /home/arthur.wambst/.config/wallpapers/old-ship-sunset.jpg'
INFO: 2025-11-18 15:24:37,021: trigger_download() 'Triggering download thread to check if download needed and possible'
INFO: 2025-11-18 15:25:53,286: do_set_wp() 'Calling do_set_wp with /home/arthur.wambst/.config/wallpapers/ocean-car-floating.jpg, time: 1763475953.2860422'
INFO: 2025-11-18 15:25:53,287: apply_display_mode() 'ImageMagick display mode cmd: convert /home/arthur.wambst/.config/wallpapers/ocean-car-floating.jpg -resize 1920x1080 -size 1920x1080 xc:black +swap -gravity center -composite /home/arthur.wambst/.config/variety/wallpaper/wallpaper-zoomed-49e8f20ea0f2a4e7d809b50a3cd2ac4d.jpg'
INFO: 2025-11-18 15:25:53,619: update_indicator() 'Setting file info to: /home/arthur.wambst/.config/wallpapers/ocean-car-floating.jpg'
INFO: 2025-11-18 15:26:19,104: reload() 'Reloading preferences dialog'
ERROR: 2025-11-18 15:26:19,104: get_xdg_pictures_folder() 'Could not get path to Pictures folder. Defaulting to ~/Pictures.'
Traceback (most recent call last):
  File "/nix/store/x1w5qm65s5rzzzmg08vzzlfc9f148rs9-variety-0.8.13/lib/python3.13/site-packages/variety/Util.py", line 818, in get_xdg_pictures_folder
    raise Exception("Could not get path to Pictures folder. Defaulting to ~/Pictures.")
Exception: Could not get path to Pictures folder. Defaulting to ~/Pictures.
ERROR: 2025-11-18 15:26:19,109: get_xdg_pictures_folder() 'Could not get path to Pictures folder. Defaulting to ~/Pictures.'
Traceback (most recent call last):
  File "/nix/store/x1w5qm65s5rzzzmg08vzzlfc9f148rs9-variety-0.8.13/lib/python3.13/site-packages/variety/Util.py", line 818, in get_xdg_pictures_folder
    raise Exception("Could not get path to Pictures folder. Defaulting to ~/Pictures.")
Exception: Could not get path to Pictures folder. Defaulting to ~/Pictures.
ERROR: 2025-11-18 15:26:19,109: get_file_icon_name() 'Exception while obtaining folder icon for /home/arthur.wambst/Pictures:'
Traceback (most recent call last):
  File "/nix/store/x1w5qm65s5rzzzmg08vzzlfc9f148rs9-variety-0.8.13/lib/python3.13/site-packages/variety/Util.py", line 803, in get_file_icon_name
    query_info = f.query_info("standard::icon", Gio.FileQueryInfoFlags.NONE, None)
gi.repository.GLib.GError: g-io-error-quark: Error when getting information for file “/home/arthur.wambst/Pictures”: No such file or directory (1)
ERROR: 2025-11-18 15:26:19,112: get_xdg_pictures_folder() 'Could not get path to Pictures folder. Defaulting to ~/Pictures.'
Traceback (most recent call last):
  File "/nix/store/x1w5qm65s5rzzzmg08vzzlfc9f148rs9-variety-0.8.13/lib/python3.13/site-packages/variety/Util.py", line 818, in get_xdg_pictures_folder
    raise Exception("Could not get path to Pictures folder. Defaulting to ~/Pictures.")
Exception: Could not get path to Pictures folder. Defaulting to ~/Pictures.
INFO: 2025-11-18 15:26:33,874: apply() 'Applying preferences'
ERROR: 2025-11-18 15:26:33,875: get_xdg_pictures_folder() 'Could not get path to Pictures folder. Defaulting to ~/Pictures.'
Traceback (most recent call last):
  File "/nix/store/x1w5qm65s5rzzzmg08vzzlfc9f148rs9-variety-0.8.13/lib/python3.13/site-packages/variety/Util.py", line 818, in get_xdg_pictures_folder
    raise Exception("Could not get path to Pictures folder. Defaulting to ~/Pictures.")
Exception: Could not get path to Pictures folder. Defaulting to ~/Pictures.
ERROR: 2025-11-18 15:26:33,876: get_xdg_pictures_folder() 'Could not get path to Pictures folder. Defaulting to ~/Pictures.'
Traceback (most recent call last):
  File "/nix/store/x1w5qm65s5rzzzmg08vzzlfc9f148rs9-variety-0.8.13/lib/python3.13/site-packages/variety/Util.py", line 818, in get_xdg_pictures_folder
    raise Exception("Could not get path to Pictures folder. Defaulting to ~/Pictures.")
Exception: Could not get path to Pictures folder. Defaulting to ~/Pictures.
ERROR: 2025-11-18 15:26:33,877: get_xdg_pictures_folder() 'Could not get path to Pictures folder. Defaulting to ~/Pictures.'
Traceback (most recent call last):
  File "/nix/store/x1w5qm65s5rzzzmg08vzzlfc9f148rs9-variety-0.8.13/lib/python3.13/site-packages/variety/Util.py", line 818, in get_xdg_pictures_folder
    raise Exception("Could not get path to Pictures folder. Defaulting to ~/Pictures.")
Exception: Could not get path to Pictures folder. Defaulting to ~/Pictures.
ERROR: 2025-11-18 15:26:33,879: get_xdg_pictures_folder() 'Could not get path to Pictures folder. Defaulting to ~/Pictures.'
Traceback (most recent call last):
  File "/nix/store/x1w5qm65s5rzzzmg08vzzlfc9f148rs9-variety-0.8.13/lib/python3.13/site-packages/variety/Util.py", line 818, in get_xdg_pictures_folder
    raise Exception("Could not get path to Pictures folder. Defaulting to ~/Pictures.")
Exception: Could not get path to Pictures folder. Defaulting to ~/Pictures.
ERROR: 2025-11-18 15:26:33,880: get_xdg_pictures_folder() 'Could not get path to Pictures folder. Defaulting to ~/Pictures.'
Traceback (most recent call last):
  File "/nix/store/x1w5qm65s5rzzzmg08vzzlfc9f148rs9-variety-0.8.13/lib/python3.13/site-packages/variety/Util.py", line 818, in get_xdg_pictures_folder
    raise Exception("Could not get path to Pictures folder. Defaulting to ~/Pictures.")
Exception: Could not get path to Pictures folder. Defaulting to ~/Pictures.
INFO: 2025-11-18 15:26:33,880: log_options() 'Loaded options:'
INFO: 2025-11-18 15:26:33,880: log_options() 'change_enabled = False'
INFO: 2025-11-18 15:26:33,880: log_options() 'change_interval = 300'
INFO: 2025-11-18 15:26:33,880: log_options() 'change_on_start = False'
INFO: 2025-11-18 15:26:33,880: log_options() 'clipboard_enabled = False'
INFO: 2025-11-18 15:26:33,880: log_options() 'clipboard_hosts = ['wallhaven.cc', 'wallpapers.net', 'flickr.com', 'imgur.com', 'deviantart.com', 'interfacelift.com', 'vladstudio.com', 'imageshack.us', 'deviantart.net', 'imageshack.com']'
INFO: 2025-11-18 15:26:33,881: log_options() 'clipboard_use_whitelist = True'
INFO: 2025-11-18 15:26:33,881: log_options() 'clock_date_font = Serif 30'
INFO: 2025-11-18 15:26:33,881: log_options() 'clock_enabled = False'
INFO: 2025-11-18 15:26:33,881: log_options() 'clock_filter = -density 100 -font `fc-match -f '%{file[0]}' '%CLOCK_FONT_NAME'` -pointsize %CLOCK_FONT_SIZE -gravity SouthEast -fill '#00000044' -annotate 0x0+[%HOFFSET+58]+[%VOFFSET+108] '%H:%M' -fill white -annotate 0x0+[%HOFFSET+60]+[%VOFFSET+110] '%H:%M' -font `fc-match -f '%{file[0]}' '%DATE_FONT_NAME'` -pointsize %DATE_FONT_SIZE -fill '#00000044' -annotate 0x0+[%HOFFSET+58]+[%VOFFSET+58] '%A, %B %d' -fill white -annotate 0x0+[%HOFFSET+60]+[%VOFFSET+60] '%A, %B %d''
INFO: 2025-11-18 15:26:33,881: log_options() 'clock_font = Serif 70'
INFO: 2025-11-18 15:26:33,881: set_visible() 'Showing indicator icon'
INFO: 2025-11-18 15:26:33,881: log_options() 'configfile = /home/arthur.wambst/.config/variety/variety.conf'
INFO: 2025-11-18 15:26:33,881: set_from_theme_icon() 'Showing indicator icon variety-indicator from GTK theme'
INFO: 2025-11-18 15:26:33,881: log_options() 'copyto_enabled = True'
INFO: 2025-11-18 15:26:33,881: log_options() 'copyto_folder = /home/arthur.wambst/.cache/betterlockscreen/wallapaper'
INFO: 2025-11-18 15:26:33,881: log_options() 'desired_color = [160, 160, 160]'
INFO: 2025-11-18 15:26:33,881: log_options() 'desired_color_enabled = False'
INFO: 2025-11-18 15:26:33,881: log_options() 'download_folder = /home/arthur.wambst/.config/variety/Downloaded'
INFO: 2025-11-18 15:26:33,881: log_options() 'download_preference_ratio = 0.9'
INFO: 2025-11-18 15:26:33,881: log_options() 'favorites_folder = /home/arthur.wambst/.config/variety/Favorites'
INFO: 2025-11-18 15:26:33,881: log_options() 'favorites_operations = [['Downloaded', 'Copy'], ['Fetched', 'Move'], ['Others', 'Copy']]'
INFO: 2025-11-18 15:26:33,881: log_options() 'fetched_folder = /home/arthur.wambst/.config/variety/Fetched'
INFO: 2025-11-18 15:26:33,881: log_options() 'filters = [[True, 'Keep original', ''], [False, 'Grayscale', '-type Grayscale'], [False, 'Heavy blur', '-scale 20% -blur 0x10 -resize 500%'], [False, 'Soft blur', '-scale 20% -blur 0x2 -resize 500%'], [False, 'Oil painting', '-paint 8'], [False, 'Pointilism', '-spread 10 -noise 3'], [False, 'Pixellate', '-scale 3% -scale 3333%']]'
INFO: 2025-11-18 15:26:33,881: log_options() 'get_wallpaper_script = /home/arthur.wambst/.config/variety/scripts/get_wallpaper'
INFO: 2025-11-18 15:26:33,881: log_options() 'icon = Light'
INFO: 2025-11-18 15:26:33,881: log_options() 'internet_enabled = False'
INFO: 2025-11-18 15:26:33,881: log_options() 'lightness_enabled = False'
INFO: 2025-11-18 15:26:33,881: log_options() 'lightness_mode = 0'
INFO: 2025-11-18 15:26:33,882: log_options() 'min_rating = 4'
INFO: 2025-11-18 15:26:33,882: log_options() 'min_rating_enabled = False'
INFO: 2025-11-18 15:26:33,882: log_options() 'min_size = 80'
INFO: 2025-11-18 15:26:33,882: log_options() 'min_size_enabled = False'
INFO: 2025-11-18 15:26:33,882: log_options() 'name_regex = .*'
INFO: 2025-11-18 15:26:33,882: log_options() 'name_regex_enabled = False'
INFO: 2025-11-18 15:26:33,882: log_options() 'quota_enabled = True'
INFO: 2025-11-18 15:26:33,882: log_options() 'quota_size = 1000'
INFO: 2025-11-18 15:26:33,882: log_options() 'quotes_authors = '
INFO: 2025-11-18 15:26:33,882: log_options() 'quotes_bg_color = [80, 80, 80]'
INFO: 2025-11-18 15:26:33,882: log_options() 'quotes_bg_opacity = 0'
INFO: 2025-11-18 15:26:33,882: log_options() 'quotes_change_enabled = False'
INFO: 2025-11-18 15:26:33,882: log_options() 'quotes_change_interval = 300'
INFO: 2025-11-18 15:26:33,882: log_options() 'quotes_disabled_sources = ['Local text files', 'Urban Dictionary']'
INFO: 2025-11-18 15:26:33,882: log_options() 'quotes_enabled = False'
INFO: 2025-11-18 15:26:33,882: log_options() 'quotes_favorites_file = /home/arthur.wambst/.config/variety/favorite_quotes.txt'
INFO: 2025-11-18 15:26:33,882: log_options() 'quotes_font = Serif Italic 7'
INFO: 2025-11-18 15:26:33,882: log_options() 'quotes_hpos = 0'
INFO: 2025-11-18 15:26:33,882: log_options() 'quotes_max_length = 250'
INFO: 2025-11-18 15:26:33,882: log_options() 'quotes_tags = funny'
INFO: 2025-11-18 15:26:33,882: log_options() 'quotes_text_color = [255, 255, 255]'
INFO: 2025-11-18 15:26:33,882: log_options() 'quotes_text_shadow = False'
INFO: 2025-11-18 15:26:33,882: log_options() 'quotes_vpos = 100'
INFO: 2025-11-18 15:26:33,882: log_options() 'quotes_width = 61'
INFO: 2025-11-18 15:26:33,882: log_options() 'safe_mode = False'
INFO: 2025-11-18 15:26:33,882: log_options() 'set_wallpaper_script = /home/arthur.wambst/.config/variety/scripts/set_wallpaper'
INFO: 2025-11-18 15:26:33,882: log_options() 'slideshow_custom_enabled = False'
INFO: 2025-11-18 15:26:33,882: log_options() 'slideshow_custom_folder = /home/arthur.wambst/Pictures'
INFO: 2025-11-18 15:26:33,882: log_options() 'slideshow_downloads_enabled = False'
INFO: 2025-11-18 15:26:33,882: log_options() 'slideshow_fade = 0.4'
INFO: 2025-11-18 15:26:33,882: log_options() 'slideshow_favorites_enabled = True'
INFO: 2025-11-18 15:26:33,882: log_options() 'slideshow_mode = Fullscreen'
INFO: 2025-11-18 15:26:33,882: log_options() 'slideshow_monitor = All'
INFO: 2025-11-18 15:26:33,882: log_options() 'slideshow_pan = 0.05'
INFO: 2025-11-18 15:26:33,882: log_options() 'slideshow_seconds = 6.0'
INFO: 2025-11-18 15:26:33,882: log_options() 'slideshow_sort_order = Random'
INFO: 2025-11-18 15:26:33,882: log_options() 'slideshow_sources_enabled = True'
INFO: 2025-11-18 15:26:33,883: log_options() 'slideshow_zoom = 0.2'
INFO: 2025-11-18 15:26:33,883: log_options() 'smart_enabled = False'
INFO: 2025-11-18 15:26:33,883: log_options() 'smart_notice_shown = False'
INFO: 2025-11-18 15:26:33,883: log_options() 'smart_register_shown = False'
INFO: 2025-11-18 15:26:33,883: log_options() 'sources = [[True, 'favorites', 'The Favorites folder'], [True, 'fetched', 'The Fetched folder'], [False, 'folder', '/usr/share/backgrounds'], [False, 'flickr', 'user:www.flickr.com/photos/peter-levi/;user_id:93647178@N00;'], [False, 'apod', "NASA's Astronomy Picture of the Day"], [False, 'bing', 'Bing Photo of the Day'], [False, 'earthview', 'Google Earth View Wallpapers'], [False, 'natgeo', "National Geographic's photo of the day"], [False, 'unsplash', 'High-resolution photos from Unsplash.com'], [False, 'folder', '/home/arthur.wambst/.config/wallpapers/knives_out'], [True, 'folder', '/home/arthur.wambst/.config/wallpapers']]'
INFO: 2025-11-18 15:26:33,883: log_options() 'stats_enabled = True'
INFO: 2025-11-18 15:26:33,883: log_options() 'stats_notice_shown = False'
INFO: 2025-11-18 15:26:33,883: log_options() 'sync_enabled = True'
INFO: 2025-11-18 15:26:33,883: log_options() 'use_landscape_enabled = True'
INFO: 2025-11-18 15:26:33,883: log_options() 'wallhaven_api_key = '
INFO: 2025-11-18 15:26:33,883: log_options() 'wallpaper_auto_rotate = False'
INFO: 2025-11-18 15:26:33,883: log_options() 'wallpaper_display_mode = fill-with-black'
INFO: 2025-11-18 15:26:33,883: clear_prepared_queue() 'Clearing prepared queue'
INFO: 2025-11-18 15:26:33,883: update_indicator() 'Setting file info to: /home/arthur.wambst/.config/wallpapers/ocean-car-floating.jpg'
INFO: 2025-11-18 15:26:33,883: prepare_thread() 'Prepared buffer contains 0 images'
INFO: 2025-11-18 15:26:33,883: prepare_thread() 'Preparing some images'
INFO: 2025-11-18 15:26:33,884: regular_change_thread() 'regular_change: waiting till user resumes'
INFO: 2025-11-18 15:26:33,885: prepare_thread() 'After search prepared buffer contains 18 images'
INFO: 2025-11-18 15:26:33,885: prepare_thread() 'Prepared buffer contains 18 images'
INFO: 2025-11-18 15:26:33,984: do_set_wp() 'Calling do_set_wp with /home/arthur.wambst/.config/wallpapers/ocean-car-floating.jpg, time: 1763475993.9848785'
INFO: 2025-11-18 15:26:33,986: apply_display_mode() 'ImageMagick display mode cmd: convert /home/arthur.wambst/.config/wallpapers/ocean-car-floating.jpg -resize 1920x1080 -size 1920x1080 xc:black +swap -gravity center -composite /home/arthur.wambst/.config/variety/wallpaper/wallpaper-zoomed-c22cb885dc8ab339bfec19748b760cfa.jpg'
ERROR: 2025-11-18 15:26:34,076: save_options() 'Missing or bad thumbs_position option in ui.conf'
Traceback (most recent call last):
  File "/nix/store/x1w5qm65s5rzzzmg08vzzlfc9f148rs9-variety-0.8.13/lib/python3.13/site-packages/variety/ThumbsManager.py", line 436, in save_options
    config.write()
    ~~~~~~~~~~~~^^
  File "/nix/store/8h93ckv7bshxz4mja566yrgj5yf022ii-python3.13-configobj-5.0.9/lib/python3.13/site-packages/configobj/__init__.py", line 2119, in write
    with open(self.filename, 'wb') as h:
         ~~~~^^^^^^^^^^^^^^^^^^^^^
PermissionError: [Errno 13] Permission denied: '/home/arthur.wambst/.config/variety/ui.conf'
INFO: 2025-11-18 15:26:34,245: apply() 'Applying preferences'
ERROR: 2025-11-18 15:26:34,245: get_xdg_pictures_folder() 'Could not get path to Pictures folder. Defaulting to ~/Pictures.'
Traceback (most recent call last):
  File "/nix/store/x1w5qm65s5rzzzmg08vzzlfc9f148rs9-variety-0.8.13/lib/python3.13/site-packages/variety/Util.py", line 818, in get_xdg_pictures_folder
    raise Exception("Could not get path to Pictures folder. Defaulting to ~/Pictures.")
Exception: Could not get path to Pictures folder. Defaulting to ~/Pictures.
ERROR: 2025-11-18 15:26:34,247: get_xdg_pictures_folder() 'Could not get path to Pictures folder. Defaulting to ~/Pictures.'
Traceback (most recent call last):
  File "/nix/store/x1w5qm65s5rzzzmg08vzzlfc9f148rs9-variety-0.8.13/lib/python3.13/site-packages/variety/Util.py", line 818, in get_xdg_pictures_folder
    raise Exception("Could not get path to Pictures folder. Defaulting to ~/Pictures.")
Exception: Could not get path to Pictures folder. Defaulting to ~/Pictures.
ERROR: 2025-11-18 15:26:34,248: get_xdg_pictures_folder() 'Could not get path to Pictures folder. Defaulting to ~/Pictures.'
Traceback (most recent call last):
  File "/nix/store/x1w5qm65s5rzzzmg08vzzlfc9f148rs9-variety-0.8.13/lib/python3.13/site-packages/variety/Util.py", line 818, in get_xdg_pictures_folder
    raise Exception("Could not get path to Pictures folder. Defaulting to ~/Pictures.")
Exception: Could not get path to Pictures folder. Defaulting to ~/Pictures.
ERROR: 2025-11-18 15:26:34,250: get_xdg_pictures_folder() 'Could not get path to Pictures folder. Defaulting to ~/Pictures.'
Traceback (most recent call last):
  File "/nix/store/x1w5qm65s5rzzzmg08vzzlfc9f148rs9-variety-0.8.13/lib/python3.13/site-packages/variety/Util.py", line 818, in get_xdg_pictures_folder
    raise Exception("Could not get path to Pictures folder. Defaulting to ~/Pictures.")
Exception: Could not get path to Pictures folder. Defaulting to ~/Pictures.
ERROR: 2025-11-18 15:26:34,251: get_xdg_pictures_folder() 'Could not get path to Pictures folder. Defaulting to ~/Pictures.'
Traceback (most recent call last):
  File "/nix/store/x1w5qm65s5rzzzmg08vzzlfc9f148rs9-variety-0.8.13/lib/python3.13/site-packages/variety/Util.py", line 818, in get_xdg_pictures_folder
    raise Exception("Could not get path to Pictures folder. Defaulting to ~/Pictures.")
Exception: Could not get path to Pictures folder. Defaulting to ~/Pictures.
INFO: 2025-11-18 15:26:34,252: set_visible() 'Showing indicator icon'
INFO: 2025-11-18 15:26:34,252: set_from_theme_icon() 'Showing indicator icon variety-indicator from GTK theme'
INFO: 2025-11-18 15:26:34,252: log_options() 'Loaded options:'
INFO: 2025-11-18 15:26:34,252: log_options() 'change_enabled = False'
INFO: 2025-11-18 15:26:34,252: log_options() 'change_interval = 300'
INFO: 2025-11-18 15:26:34,252: log_options() 'change_on_start = False'
INFO: 2025-11-18 15:26:34,252: log_options() 'clipboard_enabled = False'
INFO: 2025-11-18 15:26:34,252: log_options() 'clipboard_hosts = ['wallhaven.cc', 'wallpapers.net', 'flickr.com', 'imgur.com', 'deviantart.com', 'interfacelift.com', 'vladstudio.com', 'imageshack.us', 'deviantart.net', 'imageshack.com']'
INFO: 2025-11-18 15:26:34,252: log_options() 'clipboard_use_whitelist = True'
INFO: 2025-11-18 15:26:34,252: log_options() 'clock_date_font = Serif 30'
INFO: 2025-11-18 15:26:34,252: log_options() 'clock_enabled = False'
INFO: 2025-11-18 15:26:34,252: log_options() 'clock_filter = -density 100 -font `fc-match -f '%{file[0]}' '%CLOCK_FONT_NAME'` -pointsize %CLOCK_FONT_SIZE -gravity SouthEast -fill '#00000044' -annotate 0x0+[%HOFFSET+58]+[%VOFFSET+108] '%H:%M' -fill white -annotate 0x0+[%HOFFSET+60]+[%VOFFSET+110] '%H:%M' -font `fc-match -f '%{file[0]}' '%DATE_FONT_NAME'` -pointsize %DATE_FONT_SIZE -fill '#00000044' -annotate 0x0+[%HOFFSET+58]+[%VOFFSET+58] '%A, %B %d' -fill white -annotate 0x0+[%HOFFSET+60]+[%VOFFSET+60] '%A, %B %d''
INFO: 2025-11-18 15:26:34,252: log_options() 'clock_font = Serif 70'
INFO: 2025-11-18 15:26:34,252: log_options() 'configfile = /home/arthur.wambst/.config/variety/variety.conf'
INFO: 2025-11-18 15:26:34,252: log_options() 'copyto_enabled = True'
INFO: 2025-11-18 15:26:34,253: log_options() 'copyto_folder = /home/arthur.wambst/.cache/betterlockscreen/wallapaper'
INFO: 2025-11-18 15:26:34,253: log_options() 'desired_color = [160, 160, 160]'
INFO: 2025-11-18 15:26:34,253: log_options() 'desired_color_enabled = False'
INFO: 2025-11-18 15:26:34,253: log_options() 'download_folder = /home/arthur.wambst/.config/variety/Downloaded'
INFO: 2025-11-18 15:26:34,253: log_options() 'download_preference_ratio = 0.9'
INFO: 2025-11-18 15:26:34,253: log_options() 'favorites_folder = /home/arthur.wambst/.config/variety/Favorites'
INFO: 2025-11-18 15:26:34,253: log_options() 'favorites_operations = [['Downloaded', 'Copy'], ['Fetched', 'Move'], ['Others', 'Copy']]'
INFO: 2025-11-18 15:26:34,253: log_options() 'fetched_folder = /home/arthur.wambst/.config/variety/Fetched'
INFO: 2025-11-18 15:26:34,253: log_options() 'filters = [[True, 'Keep original', ''], [False, 'Grayscale', '-type Grayscale'], [False, 'Heavy blur', '-scale 20% -blur 0x10 -resize 500%'], [False, 'Soft blur', '-scale 20% -blur 0x2 -resize 500%'], [False, 'Oil painting', '-paint 8'], [False, 'Pointilism', '-spread 10 -noise 3'], [False, 'Pixellate', '-scale 3% -scale 3333%']]'
INFO: 2025-11-18 15:26:34,253: log_options() 'get_wallpaper_script = /home/arthur.wambst/.config/variety/scripts/get_wallpaper'
INFO: 2025-11-18 15:26:34,253: log_options() 'icon = Light'
INFO: 2025-11-18 15:26:34,253: log_options() 'internet_enabled = False'
INFO: 2025-11-18 15:26:34,253: log_options() 'lightness_enabled = False'
INFO: 2025-11-18 15:26:34,253: log_options() 'lightness_mode = 0'
INFO: 2025-11-18 15:26:34,253: log_options() 'min_rating = 4'
INFO: 2025-11-18 15:26:34,253: log_options() 'min_rating_enabled = False'
INFO: 2025-11-18 15:26:34,253: log_options() 'min_size = 80'
INFO: 2025-11-18 15:26:34,253: log_options() 'min_size_enabled = False'
INFO: 2025-11-18 15:26:34,253: log_options() 'name_regex = .*'
INFO: 2025-11-18 15:26:34,253: log_options() 'name_regex_enabled = False'
INFO: 2025-11-18 15:26:34,253: log_options() 'quota_enabled = True'
INFO: 2025-11-18 15:26:34,253: log_options() 'quota_size = 1000'
INFO: 2025-11-18 15:26:34,253: log_options() 'quotes_authors = '
INFO: 2025-11-18 15:26:34,253: log_options() 'quotes_bg_color = [80, 80, 80]'
INFO: 2025-11-18 15:26:34,253: log_options() 'quotes_bg_opacity = 0'
INFO: 2025-11-18 15:26:34,253: log_options() 'quotes_change_enabled = False'
INFO: 2025-11-18 15:26:34,253: log_options() 'quotes_change_interval = 300'
INFO: 2025-11-18 15:26:34,253: log_options() 'quotes_disabled_sources = ['Local text files', 'Urban Dictionary']'
INFO: 2025-11-18 15:26:34,253: log_options() 'quotes_enabled = False'
INFO: 2025-11-18 15:26:34,253: log_options() 'quotes_favorites_file = /home/arthur.wambst/.config/variety/favorite_quotes.txt'
INFO: 2025-11-18 15:26:34,253: log_options() 'quotes_font = Serif Italic 7'
INFO: 2025-11-18 15:26:34,253: log_options() 'quotes_hpos = 0'
INFO: 2025-11-18 15:26:34,253: log_options() 'quotes_max_length = 250'
INFO: 2025-11-18 15:26:34,253: log_options() 'quotes_tags = funny'
INFO: 2025-11-18 15:26:34,254: log_options() 'quotes_text_color = [255, 255, 255]'
INFO: 2025-11-18 15:26:34,254: log_options() 'quotes_text_shadow = False'
INFO: 2025-11-18 15:26:34,254: log_options() 'quotes_vpos = 100'
INFO: 2025-11-18 15:26:34,254: log_options() 'quotes_width = 61'
INFO: 2025-11-18 15:26:34,254: log_options() 'safe_mode = False'
INFO: 2025-11-18 15:26:34,254: log_options() 'set_wallpaper_script = /home/arthur.wambst/.config/variety/scripts/set_wallpaper'
INFO: 2025-11-18 15:26:34,254: log_options() 'slideshow_custom_enabled = False'
INFO: 2025-11-18 15:26:34,254: log_options() 'slideshow_custom_folder = /home/arthur.wambst/Pictures'
INFO: 2025-11-18 15:26:34,254: log_options() 'slideshow_downloads_enabled = False'
INFO: 2025-11-18 15:26:34,254: log_options() 'slideshow_fade = 0.4'
INFO: 2025-11-18 15:26:34,254: log_options() 'slideshow_favorites_enabled = True'
INFO: 2025-11-18 15:26:34,254: log_options() 'slideshow_mode = Fullscreen'
INFO: 2025-11-18 15:26:34,254: log_options() 'slideshow_monitor = All'
INFO: 2025-11-18 15:26:34,254: log_options() 'slideshow_pan = 0.05'
INFO: 2025-11-18 15:26:34,254: log_options() 'slideshow_seconds = 6.0'
INFO: 2025-11-18 15:26:34,254: log_options() 'slideshow_sort_order = Random'
INFO: 2025-11-18 15:26:34,254: log_options() 'slideshow_sources_enabled = True'
INFO: 2025-11-18 15:26:34,254: log_options() 'slideshow_zoom = 0.2'
INFO: 2025-11-18 15:26:34,254: log_options() 'smart_enabled = False'
INFO: 2025-11-18 15:26:34,254: log_options() 'smart_notice_shown = False'
INFO: 2025-11-18 15:26:34,254: log_options() 'smart_register_shown = False'
INFO: 2025-11-18 15:26:34,254: log_options() 'sources = [[True, 'favorites', 'The Favorites folder'], [False, 'fetched', 'The Fetched folder'], [False, 'folder', '/usr/share/backgrounds'], [False, 'flickr', 'user:www.flickr.com/photos/peter-levi/;user_id:93647178@N00;'], [False, 'apod', "NASA's Astronomy Picture of the Day"], [False, 'bing', 'Bing Photo of the Day'], [False, 'earthview', 'Google Earth View Wallpapers'], [False, 'natgeo', "National Geographic's photo of the day"], [False, 'unsplash', 'High-resolution photos from Unsplash.com'], [False, 'folder', '/home/arthur.wambst/.config/wallpapers/knives_out'], [True, 'folder', '/home/arthur.wambst/.config/wallpapers']]'
INFO: 2025-11-18 15:26:34,254: log_options() 'stats_enabled = True'
INFO: 2025-11-18 15:26:34,254: log_options() 'stats_notice_shown = False'
INFO: 2025-11-18 15:26:34,254: log_options() 'sync_enabled = True'
INFO: 2025-11-18 15:26:34,254: log_options() 'use_landscape_enabled = True'
INFO: 2025-11-18 15:26:34,254: log_options() 'wallhaven_api_key = '
INFO: 2025-11-18 15:26:34,254: log_options() 'wallpaper_auto_rotate = False'
INFO: 2025-11-18 15:26:34,254: log_options() 'wallpaper_display_mode = fill-with-black'
INFO: 2025-11-18 15:26:34,254: clear_prepared_queue() 'Clearing prepared queue'
INFO: 2025-11-18 15:26:34,254: update_indicator() 'Setting file info to: /home/arthur.wambst/.config/wallpapers/ocean-car-floating.jpg'
INFO: 2025-11-18 15:26:34,254: prepare_thread() 'Prepared buffer contains 0 images'
INFO: 2025-11-18 15:26:34,255: prepare_thread() 'Preparing some images'
INFO: 2025-11-18 15:26:34,255: regular_change_thread() 'regular_change: waiting till user resumes'
INFO: 2025-11-18 15:26:34,256: prepare_thread() 'After search prepared buffer contains 18 images'
INFO: 2025-11-18 15:26:34,257: prepare_thread() 'Prepared buffer contains 18 images'
INFO: 2025-11-18 15:26:34,322: update_indicator() 'Setting file info to: /home/arthur.wambst/.config/wallpapers/ocean-car-floating.jpg'
ERROR: 2025-11-18 15:26:34,447: save_options() 'Missing or bad thumbs_position option in ui.conf'
Traceback (most recent call last):
  File "/nix/store/x1w5qm65s5rzzzmg08vzzlfc9f148rs9-variety-0.8.13/lib/python3.13/site-packages/variety/ThumbsManager.py", line 436, in save_options
    config.write()
    ~~~~~~~~~~~~^^
  File "/nix/store/8h93ckv7bshxz4mja566yrgj5yf022ii-python3.13-configobj-5.0.9/lib/python3.13/site-packages/configobj/__init__.py", line 2119, in write
    with open(self.filename, 'wb') as h:
         ~~~~^^^^^^^^^^^^^^^^^^^^^
PermissionError: [Errno 13] Permission denied: '/home/arthur.wambst/.config/variety/ui.conf'
INFO: 2025-11-18 15:26:34,655: apply() 'Applying preferences'
ERROR: 2025-11-18 15:26:34,656: get_xdg_pictures_folder() 'Could not get path to Pictures folder. Defaulting to ~/Pictures.'
Traceback (most recent call last):
  File "/nix/store/x1w5qm65s5rzzzmg08vzzlfc9f148rs9-variety-0.8.13/lib/python3.13/site-packages/variety/Util.py", line 818, in get_xdg_pictures_folder
    raise Exception("Could not get path to Pictures folder. Defaulting to ~/Pictures.")
Exception: Could not get path to Pictures folder. Defaulting to ~/Pictures.
ERROR: 2025-11-18 15:26:34,660: get_xdg_pictures_folder() 'Could not get path to Pictures folder. Defaulting to ~/Pictures.'
Traceback (most recent call last):
  File "/nix/store/x1w5qm65s5rzzzmg08vzzlfc9f148rs9-variety-0.8.13/lib/python3.13/site-packages/variety/Util.py", line 818, in get_xdg_pictures_folder
    raise Exception("Could not get path to Pictures folder. Defaulting to ~/Pictures.")
Exception: Could not get path to Pictures folder. Defaulting to ~/Pictures.
ERROR: 2025-11-18 15:26:34,662: get_xdg_pictures_folder() 'Could not get path to Pictures folder. Defaulting to ~/Pictures.'
Traceback (most recent call last):
  File "/nix/store/x1w5qm65s5rzzzmg08vzzlfc9f148rs9-variety-0.8.13/lib/python3.13/site-packages/variety/Util.py", line 818, in get_xdg_pictures_folder
    raise Exception("Could not get path to Pictures folder. Defaulting to ~/Pictures.")
Exception: Could not get path to Pictures folder. Defaulting to ~/Pictures.
ERROR: 2025-11-18 15:26:34,663: get_xdg_pictures_folder() 'Could not get path to Pictures folder. Defaulting to ~/Pictures.'
Traceback (most recent call last):
  File "/nix/store/x1w5qm65s5rzzzmg08vzzlfc9f148rs9-variety-0.8.13/lib/python3.13/site-packages/variety/Util.py", line 818, in get_xdg_pictures_folder
    raise Exception("Could not get path to Pictures folder. Defaulting to ~/Pictures.")
Exception: Could not get path to Pictures folder. Defaulting to ~/Pictures.
ERROR: 2025-11-18 15:26:34,664: get_xdg_pictures_folder() 'Could not get path to Pictures folder. Defaulting to ~/Pictures.'
Traceback (most recent call last):
  File "/nix/store/x1w5qm65s5rzzzmg08vzzlfc9f148rs9-variety-0.8.13/lib/python3.13/site-packages/variety/Util.py", line 818, in get_xdg_pictures_folder
    raise Exception("Could not get path to Pictures folder. Defaulting to ~/Pictures.")
Exception: Could not get path to Pictures folder. Defaulting to ~/Pictures.
INFO: 2025-11-18 15:26:34,664: log_options() 'Loaded options:'
INFO: 2025-11-18 15:26:34,664: log_options() 'change_enabled = False'
INFO: 2025-11-18 15:26:34,664: log_options() 'change_interval = 300'
INFO: 2025-11-18 15:26:34,664: log_options() 'change_on_start = False'
INFO: 2025-11-18 15:26:34,664: log_options() 'clipboard_enabled = False'
INFO: 2025-11-18 15:26:34,664: log_options() 'clipboard_hosts = ['wallhaven.cc', 'wallpapers.net', 'flickr.com', 'imgur.com', 'deviantart.com', 'interfacelift.com', 'vladstudio.com', 'imageshack.us', 'deviantart.net', 'imageshack.com']'
INFO: 2025-11-18 15:26:34,664: log_options() 'clipboard_use_whitelist = True'
INFO: 2025-11-18 15:26:34,664: log_options() 'clock_date_font = Serif 30'
INFO: 2025-11-18 15:26:34,664: log_options() 'clock_enabled = False'
INFO: 2025-11-18 15:26:34,664: log_options() 'clock_filter = -density 100 -font `fc-match -f '%{file[0]}' '%CLOCK_FONT_NAME'` -pointsize %CLOCK_FONT_SIZE -gravity SouthEast -fill '#00000044' -annotate 0x0+[%HOFFSET+58]+[%VOFFSET+108] '%H:%M' -fill white -annotate 0x0+[%HOFFSET+60]+[%VOFFSET+110] '%H:%M' -font `fc-match -f '%{file[0]}' '%DATE_FONT_NAME'` -pointsize %DATE_FONT_SIZE -fill '#00000044' -annotate 0x0+[%HOFFSET+58]+[%VOFFSET+58] '%A, %B %d' -fill white -annotate 0x0+[%HOFFSET+60]+[%VOFFSET+60] '%A, %B %d''
INFO: 2025-11-18 15:26:34,664: log_options() 'clock_font = Serif 70'
INFO: 2025-11-18 15:26:34,664: log_options() 'configfile = /home/arthur.wambst/.config/variety/variety.conf'
INFO: 2025-11-18 15:26:34,664: log_options() 'copyto_enabled = True'
INFO: 2025-11-18 15:26:34,664: log_options() 'copyto_folder = /home/arthur.wambst/.cache/betterlockscreen/wallapaper'
INFO: 2025-11-18 15:26:34,664: log_options() 'desired_color = [160, 160, 160]'
INFO: 2025-11-18 15:26:34,664: log_options() 'desired_color_enabled = False'
INFO: 2025-11-18 15:26:34,664: log_options() 'download_folder = /home/arthur.wambst/.config/variety/Downloaded'
INFO: 2025-11-18 15:26:34,664: log_options() 'download_preference_ratio = 0.9'
INFO: 2025-11-18 15:26:34,664: log_options() 'favorites_folder = /home/arthur.wambst/.config/variety/Favorites'
INFO: 2025-11-18 15:26:34,664: log_options() 'favorites_operations = [['Downloaded', 'Copy'], ['Fetched', 'Move'], ['Others', 'Copy']]'
INFO: 2025-11-18 15:26:34,664: log_options() 'fetched_folder = /home/arthur.wambst/.config/variety/Fetched'
INFO: 2025-11-18 15:26:34,664: log_options() 'filters = [[True, 'Keep original', ''], [False, 'Grayscale', '-type Grayscale'], [False, 'Heavy blur', '-scale 20% -blur 0x10 -resize 500%'], [False, 'Soft blur', '-scale 20% -blur 0x2 -resize 500%'], [False, 'Oil painting', '-paint 8'], [False, 'Pointilism', '-spread 10 -noise 3'], [False, 'Pixellate', '-scale 3% -scale 3333%']]'
INFO: 2025-11-18 15:26:34,664: log_options() 'get_wallpaper_script = /home/arthur.wambst/.config/variety/scripts/get_wallpaper'
INFO: 2025-11-18 15:26:34,664: log_options() 'icon = Light'
INFO: 2025-11-18 15:26:34,664: log_options() 'internet_enabled = False'
INFO: 2025-11-18 15:26:34,664: log_options() 'lightness_enabled = False'
INFO: 2025-11-18 15:26:34,664: log_options() 'lightness_mode = 0'
INFO: 2025-11-18 15:26:34,664: log_options() 'min_rating = 4'
INFO: 2025-11-18 15:26:34,664: set_visible() 'Showing indicator icon'
INFO: 2025-11-18 15:26:34,664: log_options() 'min_rating_enabled = False'
INFO: 2025-11-18 15:26:34,664: log_options() 'min_size = 80'
INFO: 2025-11-18 15:26:34,664: log_options() 'min_size_enabled = False'
INFO: 2025-11-18 15:26:34,664: log_options() 'name_regex = .*'
INFO: 2025-11-18 15:26:34,664: log_options() 'name_regex_enabled = False'
INFO: 2025-11-18 15:26:34,664: log_options() 'quota_enabled = True'
INFO: 2025-11-18 15:26:34,664: log_options() 'quota_size = 1000'
INFO: 2025-11-18 15:26:34,664: log_options() 'quotes_authors = '
INFO: 2025-11-18 15:26:34,664: log_options() 'quotes_bg_color = [80, 80, 80]'
INFO: 2025-11-18 15:26:34,664: log_options() 'quotes_bg_opacity = 0'
INFO: 2025-11-18 15:26:34,664: set_from_theme_icon() 'Showing indicator icon variety-indicator from GTK theme'
INFO: 2025-11-18 15:26:34,664: log_options() 'quotes_change_enabled = False'
INFO: 2025-11-18 15:26:34,664: log_options() 'quotes_change_interval = 300'
INFO: 2025-11-18 15:26:34,664: log_options() 'quotes_disabled_sources = ['Local text files', 'Urban Dictionary']'
INFO: 2025-11-18 15:26:34,664: log_options() 'quotes_enabled = False'
INFO: 2025-11-18 15:26:34,664: log_options() 'quotes_favorites_file = /home/arthur.wambst/.config/variety/favorite_quotes.txt'
INFO: 2025-11-18 15:26:34,664: log_options() 'quotes_font = Serif Italic 7'
INFO: 2025-11-18 15:26:34,664: log_options() 'quotes_hpos = 0'
INFO: 2025-11-18 15:26:34,664: log_options() 'quotes_max_length = 250'
INFO: 2025-11-18 15:26:34,664: log_options() 'quotes_tags = funny'
INFO: 2025-11-18 15:26:34,664: log_options() 'quotes_text_color = [255, 255, 255]'
INFO: 2025-11-18 15:26:34,664: log_options() 'quotes_text_shadow = False'
INFO: 2025-11-18 15:26:34,664: log_options() 'quotes_vpos = 100'
INFO: 2025-11-18 15:26:34,664: log_options() 'quotes_width = 61'
INFO: 2025-11-18 15:26:34,664: log_options() 'safe_mode = False'
INFO: 2025-11-18 15:26:34,664: log_options() 'set_wallpaper_script = /home/arthur.wambst/.config/variety/scripts/set_wallpaper'
INFO: 2025-11-18 15:26:34,664: log_options() 'slideshow_custom_enabled = False'
INFO: 2025-11-18 15:26:34,664: log_options() 'slideshow_custom_folder = /home/arthur.wambst/Pictures'
INFO: 2025-11-18 15:26:34,664: log_options() 'slideshow_downloads_enabled = False'
INFO: 2025-11-18 15:26:34,665: log_options() 'slideshow_fade = 0.4'
INFO: 2025-11-18 15:26:34,665: log_options() 'slideshow_favorites_enabled = True'
INFO: 2025-11-18 15:26:34,665: log_options() 'slideshow_mode = Fullscreen'
INFO: 2025-11-18 15:26:34,665: log_options() 'slideshow_monitor = All'
INFO: 2025-11-18 15:26:34,665: log_options() 'slideshow_pan = 0.05'
INFO: 2025-11-18 15:26:34,665: log_options() 'slideshow_seconds = 6.0'
INFO: 2025-11-18 15:26:34,665: log_options() 'slideshow_sort_order = Random'
INFO: 2025-11-18 15:26:34,665: log_options() 'slideshow_sources_enabled = True'
INFO: 2025-11-18 15:26:34,665: log_options() 'slideshow_zoom = 0.2'
INFO: 2025-11-18 15:26:34,665: log_options() 'smart_enabled = False'
INFO: 2025-11-18 15:26:34,665: log_options() 'smart_notice_shown = False'
INFO: 2025-11-18 15:26:34,665: log_options() 'smart_register_shown = False'
INFO: 2025-11-18 15:26:34,665: log_options() 'sources = [[False, 'favorites', 'The Favorites folder'], [False, 'fetched', 'The Fetched folder'], [False, 'folder', '/usr/share/backgrounds'], [False, 'flickr', 'user:www.flickr.com/photos/peter-levi/;user_id:93647178@N00;'], [False, 'apod', "NASA's Astronomy Picture of the Day"], [False, 'bing', 'Bing Photo of the Day'], [False, 'earthview', 'Google Earth View Wallpapers'], [False, 'natgeo', "National Geographic's photo of the day"], [False, 'unsplash', 'High-resolution photos from Unsplash.com'], [False, 'folder', '/home/arthur.wambst/.config/wallpapers/knives_out'], [True, 'folder', '/home/arthur.wambst/.config/wallpapers']]'
INFO: 2025-11-18 15:26:34,665: log_options() 'stats_enabled = True'
INFO: 2025-11-18 15:26:34,665: log_options() 'stats_notice_shown = False'
INFO: 2025-11-18 15:26:34,665: log_options() 'sync_enabled = True'
INFO: 2025-11-18 15:26:34,665: log_options() 'use_landscape_enabled = True'
INFO: 2025-11-18 15:26:34,665: log_options() 'wallhaven_api_key = '
INFO: 2025-11-18 15:26:34,665: log_options() 'wallpaper_auto_rotate = False'
INFO: 2025-11-18 15:26:34,665: log_options() 'wallpaper_display_mode = fill-with-black'
INFO: 2025-11-18 15:26:34,665: clear_prepared_queue() 'Clearing prepared queue'
INFO: 2025-11-18 15:26:34,665: update_indicator() 'Setting file info to: /home/arthur.wambst/.config/wallpapers/ocean-car-floating.jpg'
INFO: 2025-11-18 15:26:34,665: prepare_thread() 'Prepared buffer contains 0 images'
INFO: 2025-11-18 15:26:34,665: prepare_thread() 'Preparing some images'
INFO: 2025-11-18 15:26:34,666: regular_change_thread() 'regular_change: waiting till user resumes'
INFO: 2025-11-18 15:26:34,667: prepare_thread() 'After search prepared buffer contains 18 images'
INFO: 2025-11-18 15:26:34,667: prepare_thread() 'Prepared buffer contains 18 images'
ERROR: 2025-11-18 15:26:34,859: save_options() 'Missing or bad thumbs_position option in ui.conf'
Traceback (most recent call last):
  File "/nix/store/x1w5qm65s5rzzzmg08vzzlfc9f148rs9-variety-0.8.13/lib/python3.13/site-packages/variety/ThumbsManager.py", line 436, in save_options
    config.write()
    ~~~~~~~~~~~~^^
  File "/nix/store/8h93ckv7bshxz4mja566yrgj5yf022ii-python3.13-configobj-5.0.9/lib/python3.13/site-packages/configobj/__init__.py", line 2119, in write
    with open(self.filename, 'wb') as h:
         ~~~~^^^^^^^^^^^^^^^^^^^^^
PermissionError: [Errno 13] Permission denied: '/home/arthur.wambst/.config/variety/ui.conf'
INFO: 2025-11-18 15:26:34,985: do_set_wp() 'Calling do_set_wp with /home/arthur.wambst/.config/wallpapers/ocean-car-floating.jpg, time: 1763475994.9859648'
INFO: 2025-11-18 15:26:34,987: apply_display_mode() 'ImageMagick display mode cmd: convert /home/arthur.wambst/.config/wallpapers/ocean-car-floating.jpg -resize 1920x1080 -size 1920x1080 xc:black +swap -gravity center -composite /home/arthur.wambst/.config/variety/wallpaper/wallpaper-zoomed-d2670530ad6e068f356265d6e11247bb.jpg'
INFO: 2025-11-18 15:26:35,311: update_indicator() 'Setting file info to: /home/arthur.wambst/.config/wallpapers/ocean-car-floating.jpg'
INFO: 2025-11-18 15:26:35,885: trigger_download() 'Triggering download thread to check if download needed and possible'
INFO: 2025-11-18 15:26:35,885: trigger_download() 'Triggering download thread to check if download needed and possible'
INFO: 2025-11-18 15:26:36,257: trigger_download() 'Triggering download thread to check if download needed and possible'
INFO: 2025-11-18 15:26:36,258: trigger_download() 'Triggering download thread to check if download needed and possible'
INFO: 2025-11-18 15:26:36,667: trigger_download() 'Triggering download thread to check if download needed and possible'
INFO: 2025-11-18 15:26:36,668: trigger_download() 'Triggering download thread to check if download needed and possible'
INFO: 2025-11-18 15:26:40,851: apply() 'Applying preferences'
ERROR: 2025-11-18 15:26:40,851: get_xdg_pictures_folder() 'Could not get path to Pictures folder. Defaulting to ~/Pictures.'
Traceback (most recent call last):
  File "/nix/store/x1w5qm65s5rzzzmg08vzzlfc9f148rs9-variety-0.8.13/lib/python3.13/site-packages/variety/Util.py", line 818, in get_xdg_pictures_folder
    raise Exception("Could not get path to Pictures folder. Defaulting to ~/Pictures.")
Exception: Could not get path to Pictures folder. Defaulting to ~/Pictures.
ERROR: 2025-11-18 15:26:40,854: get_xdg_pictures_folder() 'Could not get path to Pictures folder. Defaulting to ~/Pictures.'
Traceback (most recent call last):
  File "/nix/store/x1w5qm65s5rzzzmg08vzzlfc9f148rs9-variety-0.8.13/lib/python3.13/site-packages/variety/Util.py", line 818, in get_xdg_pictures_folder
    raise Exception("Could not get path to Pictures folder. Defaulting to ~/Pictures.")
Exception: Could not get path to Pictures folder. Defaulting to ~/Pictures.
ERROR: 2025-11-18 15:26:40,856: get_xdg_pictures_folder() 'Could not get path to Pictures folder. Defaulting to ~/Pictures.'
Traceback (most recent call last):
  File "/nix/store/x1w5qm65s5rzzzmg08vzzlfc9f148rs9-variety-0.8.13/lib/python3.13/site-packages/variety/Util.py", line 818, in get_xdg_pictures_folder
    raise Exception("Could not get path to Pictures folder. Defaulting to ~/Pictures.")
Exception: Could not get path to Pictures folder. Defaulting to ~/Pictures.
ERROR: 2025-11-18 15:26:40,859: get_xdg_pictures_folder() 'Could not get path to Pictures folder. Defaulting to ~/Pictures.'
Traceback (most recent call last):
  File "/nix/store/x1w5qm65s5rzzzmg08vzzlfc9f148rs9-variety-0.8.13/lib/python3.13/site-packages/variety/Util.py", line 818, in get_xdg_pictures_folder
    raise Exception("Could not get path to Pictures folder. Defaulting to ~/Pictures.")
Exception: Could not get path to Pictures folder. Defaulting to ~/Pictures.
ERROR: 2025-11-18 15:26:40,859: get_xdg_pictures_folder() 'Could not get path to Pictures folder. Defaulting to ~/Pictures.'
Traceback (most recent call last):
  File "/nix/store/x1w5qm65s5rzzzmg08vzzlfc9f148rs9-variety-0.8.13/lib/python3.13/site-packages/variety/Util.py", line 818, in get_xdg_pictures_folder
    raise Exception("Could not get path to Pictures folder. Defaulting to ~/Pictures.")
Exception: Could not get path to Pictures folder. Defaulting to ~/Pictures.
INFO: 2025-11-18 15:26:40,859: log_options() 'Loaded options:'
INFO: 2025-11-18 15:26:40,859: log_options() 'change_enabled = True'
INFO: 2025-11-18 15:26:40,859: log_options() 'change_interval = 300'
INFO: 2025-11-18 15:26:40,859: log_options() 'change_on_start = False'
INFO: 2025-11-18 15:26:40,859: log_options() 'clipboard_enabled = False'
INFO: 2025-11-18 15:26:40,859: log_options() 'clipboard_hosts = ['wallhaven.cc', 'wallpapers.net', 'flickr.com', 'imgur.com', 'deviantart.com', 'interfacelift.com', 'vladstudio.com', 'imageshack.us', 'deviantart.net', 'imageshack.com']'
INFO: 2025-11-18 15:26:40,859: log_options() 'clipboard_use_whitelist = True'
INFO: 2025-11-18 15:26:40,860: log_options() 'clock_date_font = Serif 30'
INFO: 2025-11-18 15:26:40,860: log_options() 'clock_enabled = False'
INFO: 2025-11-18 15:26:40,860: log_options() 'clock_filter = -density 100 -font `fc-match -f '%{file[0]}' '%CLOCK_FONT_NAME'` -pointsize %CLOCK_FONT_SIZE -gravity SouthEast -fill '#00000044' -annotate 0x0+[%HOFFSET+58]+[%VOFFSET+108] '%H:%M' -fill white -annotate 0x0+[%HOFFSET+60]+[%VOFFSET+110] '%H:%M' -font `fc-match -f '%{file[0]}' '%DATE_FONT_NAME'` -pointsize %DATE_FONT_SIZE -fill '#00000044' -annotate 0x0+[%HOFFSET+58]+[%VOFFSET+58] '%A, %B %d' -fill white -annotate 0x0+[%HOFFSET+60]+[%VOFFSET+60] '%A, %B %d''
INFO: 2025-11-18 15:26:40,860: log_options() 'clock_font = Serif 70'
INFO: 2025-11-18 15:26:40,860: log_options() 'configfile = /home/arthur.wambst/.config/variety/variety.conf'
INFO: 2025-11-18 15:26:40,860: log_options() 'copyto_enabled = True'
INFO: 2025-11-18 15:26:40,860: log_options() 'copyto_folder = /home/arthur.wambst/.cache/betterlockscreen/wallapaper'
INFO: 2025-11-18 15:26:40,860: log_options() 'desired_color = [160, 160, 160]'
INFO: 2025-11-18 15:26:40,860: log_options() 'desired_color_enabled = False'
INFO: 2025-11-18 15:26:40,860: log_options() 'download_folder = /home/arthur.wambst/.config/variety/Downloaded'
INFO: 2025-11-18 15:26:40,860: log_options() 'download_preference_ratio = 0.9'
INFO: 2025-11-18 15:26:40,860: log_options() 'favorites_folder = /home/arthur.wambst/.config/variety/Favorites'
INFO: 2025-11-18 15:26:40,860: log_options() 'favorites_operations = [['Downloaded', 'Copy'], ['Fetched', 'Move'], ['Others', 'Copy']]'
INFO: 2025-11-18 15:26:40,860: log_options() 'fetched_folder = /home/arthur.wambst/.config/variety/Fetched'
INFO: 2025-11-18 15:26:40,860: log_options() 'filters = [[True, 'Keep original', ''], [False, 'Grayscale', '-type Grayscale'], [False, 'Heavy blur', '-scale 20% -blur 0x10 -resize 500%'], [False, 'Soft blur', '-scale 20% -blur 0x2 -resize 500%'], [False, 'Oil painting', '-paint 8'], [False, 'Pointilism', '-spread 10 -noise 3'], [False, 'Pixellate', '-scale 3% -scale 3333%']]'
INFO: 2025-11-18 15:26:40,860: log_options() 'get_wallpaper_script = /home/arthur.wambst/.config/variety/scripts/get_wallpaper'
INFO: 2025-11-18 15:26:40,860: log_options() 'icon = Light'
INFO: 2025-11-18 15:26:40,860: log_options() 'internet_enabled = False'
INFO: 2025-11-18 15:26:40,860: log_options() 'lightness_enabled = False'
INFO: 2025-11-18 15:26:40,860: log_options() 'lightness_mode = 0'
INFO: 2025-11-18 15:26:40,860: log_options() 'min_rating = 4'
INFO: 2025-11-18 15:26:40,860: log_options() 'min_rating_enabled = False'
INFO: 2025-11-18 15:26:40,860: log_options() 'min_size = 80'
INFO: 2025-11-18 15:26:40,860: log_options() 'min_size_enabled = False'
INFO: 2025-11-18 15:26:40,860: log_options() 'name_regex = .*'
INFO: 2025-11-18 15:26:40,860: log_options() 'name_regex_enabled = False'
INFO: 2025-11-18 15:26:40,860: log_options() 'quota_enabled = True'
INFO: 2025-11-18 15:26:40,860: log_options() 'quota_size = 1000'
INFO: 2025-11-18 15:26:40,860: log_options() 'quotes_authors = '
INFO: 2025-11-18 15:26:40,860: log_options() 'quotes_bg_color = [80, 80, 80]'
INFO: 2025-11-18 15:26:40,860: log_options() 'quotes_bg_opacity = 0'
INFO: 2025-11-18 15:26:40,860: log_options() 'quotes_change_enabled = False'
INFO: 2025-11-18 15:26:40,860: log_options() 'quotes_change_interval = 300'
INFO: 2025-11-18 15:26:40,860: log_options() 'quotes_disabled_sources = ['Local text files', 'Urban Dictionary']'
INFO: 2025-11-18 15:26:40,860: log_options() 'quotes_enabled = False'
INFO: 2025-11-18 15:26:40,860: log_options() 'quotes_favorites_file = /home/arthur.wambst/.config/variety/favorite_quotes.txt'
INFO: 2025-11-18 15:26:40,860: log_options() 'quotes_font = Serif Italic 7'
INFO: 2025-11-18 15:26:40,860: log_options() 'quotes_hpos = 0'
INFO: 2025-11-18 15:26:40,860: log_options() 'quotes_max_length = 250'
INFO: 2025-11-18 15:26:40,860: log_options() 'quotes_tags = funny'
INFO: 2025-11-18 15:26:40,860: log_options() 'quotes_text_color = [255, 255, 255]'
INFO: 2025-11-18 15:26:40,860: log_options() 'quotes_text_shadow = False'
INFO: 2025-11-18 15:26:40,860: log_options() 'quotes_vpos = 100'
INFO: 2025-11-18 15:26:40,860: log_options() 'quotes_width = 61'
INFO: 2025-11-18 15:26:40,860: log_options() 'safe_mode = False'
INFO: 2025-11-18 15:26:40,860: log_options() 'set_wallpaper_script = /home/arthur.wambst/.config/variety/scripts/set_wallpaper'
INFO: 2025-11-18 15:26:40,860: log_options() 'slideshow_custom_enabled = False'
INFO: 2025-11-18 15:26:40,860: log_options() 'slideshow_custom_folder = /home/arthur.wambst/Pictures'
INFO: 2025-11-18 15:26:40,860: log_options() 'slideshow_downloads_enabled = False'
INFO: 2025-11-18 15:26:40,860: log_options() 'slideshow_fade = 0.4'
INFO: 2025-11-18 15:26:40,860: log_options() 'slideshow_favorites_enabled = True'
INFO: 2025-11-18 15:26:40,860: log_options() 'slideshow_mode = Fullscreen'
INFO: 2025-11-18 15:26:40,860: log_options() 'slideshow_monitor = All'
INFO: 2025-11-18 15:26:40,860: log_options() 'slideshow_pan = 0.05'
INFO: 2025-11-18 15:26:40,860: log_options() 'slideshow_seconds = 6.0'
INFO: 2025-11-18 15:26:40,860: log_options() 'slideshow_sort_order = Random'
INFO: 2025-11-18 15:26:40,860: log_options() 'slideshow_sources_enabled = True'
INFO: 2025-11-18 15:26:40,860: log_options() 'slideshow_zoom = 0.2'
INFO: 2025-11-18 15:26:40,860: log_options() 'smart_enabled = False'
INFO: 2025-11-18 15:26:40,860: log_options() 'smart_notice_shown = False'
INFO: 2025-11-18 15:26:40,860: log_options() 'smart_register_shown = False'
INFO: 2025-11-18 15:26:40,860: log_options() 'sources = [[False, 'favorites', 'The Favorites folder'], [False, 'fetched', 'The Fetched folder'], [False, 'folder', '/usr/share/backgrounds'], [False, 'flickr', 'user:www.flickr.com/photos/peter-levi/;user_id:93647178@N00;'], [False, 'apod', "NASA's Astronomy Picture of the Day"], [False, 'bing', 'Bing Photo of the Day'], [False, 'earthview', 'Google Earth View Wallpapers'], [False, 'natgeo', "National Geographic's photo of the day"], [False, 'unsplash', 'High-resolution photos from Unsplash.com'], [False, 'folder', '/home/arthur.wambst/.config/wallpapers/knives_out'], [True, 'folder', '/home/arthur.wambst/.config/wallpapers']]'
INFO: 2025-11-18 15:26:40,860: set_visible() 'Showing indicator icon'
INFO: 2025-11-18 15:26:40,860: log_options() 'stats_enabled = True'
INFO: 2025-11-18 15:26:40,860: log_options() 'stats_notice_shown = False'
INFO: 2025-11-18 15:26:40,860: log_options() 'sync_enabled = True'
INFO: 2025-11-18 15:26:40,860: log_options() 'use_landscape_enabled = True'
INFO: 2025-11-18 15:26:40,860: log_options() 'wallhaven_api_key = '
INFO: 2025-11-18 15:26:40,860: log_options() 'wallpaper_auto_rotate = False'
INFO: 2025-11-18 15:26:40,860: log_options() 'wallpaper_display_mode = fill-with-black'
INFO: 2025-11-18 15:26:40,860: reload_config() 'No need to clear prepared queue'
INFO: 2025-11-18 15:26:40,860: update_indicator() 'Setting file info to: /home/arthur.wambst/.config/wallpapers/ocean-car-floating.jpg'
INFO: 2025-11-18 15:26:40,860: set_from_theme_icon() 'Showing indicator icon variety-indicator from GTK theme'
INFO: 2025-11-18 15:26:40,861: prepare_thread() 'Prepared buffer contains 18 images'
INFO: 2025-11-18 15:26:40,962: do_set_wp() 'Calling do_set_wp with /home/arthur.wambst/.config/wallpapers/ocean-car-floating.jpg, time: 1763476000.9620676'
INFO: 2025-11-18 15:26:40,963: apply_display_mode() 'ImageMagick display mode cmd: convert /home/arthur.wambst/.config/wallpapers/ocean-car-floating.jpg -resize 1920x1080 -size 1920x1080 xc:black +swap -gravity center -composite /home/arthur.wambst/.config/variety/wallpaper/wallpaper-zoomed-6110accdc1fcc2d958571b71a21b377e.jpg'
INFO: 2025-11-18 15:26:41,295: update_indicator() 'Setting file info to: /home/arthur.wambst/.config/wallpapers/ocean-car-floating.jpg'
INFO: 2025-11-18 15:26:42,861: trigger_download() 'Triggering download thread to check if download needed and possible'
INFO: 2025-11-18 15:27:02,434: trigger_download() 'Triggering download thread to check if download needed and possible'
INFO: 2025-11-18 15:27:02,534: apply() 'Applying preferences'
ERROR: 2025-11-18 15:27:02,535: get_xdg_pictures_folder() 'Could not get path to Pictures folder. Defaulting to ~/Pictures.'
Traceback (most recent call last):
  File "/nix/store/x1w5qm65s5rzzzmg08vzzlfc9f148rs9-variety-0.8.13/lib/python3.13/site-packages/variety/Util.py", line 818, in get_xdg_pictures_folder
    raise Exception("Could not get path to Pictures folder. Defaulting to ~/Pictures.")
Exception: Could not get path to Pictures folder. Defaulting to ~/Pictures.
ERROR: 2025-11-18 15:27:02,537: get_xdg_pictures_folder() 'Could not get path to Pictures folder. Defaulting to ~/Pictures.'
Traceback (most recent call last):
  File "/nix/store/x1w5qm65s5rzzzmg08vzzlfc9f148rs9-variety-0.8.13/lib/python3.13/site-packages/variety/Util.py", line 818, in get_xdg_pictures_folder
    raise Exception("Could not get path to Pictures folder. Defaulting to ~/Pictures.")
Exception: Could not get path to Pictures folder. Defaulting to ~/Pictures.
ERROR: 2025-11-18 15:27:02,537: get_xdg_pictures_folder() 'Could not get path to Pictures folder. Defaulting to ~/Pictures.'
Traceback (most recent call last):
  File "/nix/store/x1w5qm65s5rzzzmg08vzzlfc9f148rs9-variety-0.8.13/lib/python3.13/site-packages/variety/Util.py", line 818, in get_xdg_pictures_folder
    raise Exception("Could not get path to Pictures folder. Defaulting to ~/Pictures.")
Exception: Could not get path to Pictures folder. Defaulting to ~/Pictures.
ERROR: 2025-11-18 15:27:02,540: get_xdg_pictures_folder() 'Could not get path to Pictures folder. Defaulting to ~/Pictures.'
Traceback (most recent call last):
  File "/nix/store/x1w5qm65s5rzzzmg08vzzlfc9f148rs9-variety-0.8.13/lib/python3.13/site-packages/variety/Util.py", line 818, in get_xdg_pictures_folder
    raise Exception("Could not get path to Pictures folder. Defaulting to ~/Pictures.")
Exception: Could not get path to Pictures folder. Defaulting to ~/Pictures.
ERROR: 2025-11-18 15:27:02,542: get_xdg_pictures_folder() 'Could not get path to Pictures folder. Defaulting to ~/Pictures.'
Traceback (most recent call last):
  File "/nix/store/x1w5qm65s5rzzzmg08vzzlfc9f148rs9-variety-0.8.13/lib/python3.13/site-packages/variety/Util.py", line 818, in get_xdg_pictures_folder
    raise Exception("Could not get path to Pictures folder. Defaulting to ~/Pictures.")
Exception: Could not get path to Pictures folder. Defaulting to ~/Pictures.
INFO: 2025-11-18 15:27:02,542: log_options() 'Loaded options:'
INFO: 2025-11-18 15:27:02,542: log_options() 'change_enabled = True'
INFO: 2025-11-18 15:27:02,542: log_options() 'change_interval = 300'
INFO: 2025-11-18 15:27:02,542: log_options() 'change_on_start = False'
INFO: 2025-11-18 15:27:02,542: log_options() 'clipboard_enabled = False'
INFO: 2025-11-18 15:27:02,542: log_options() 'clipboard_hosts = ['wallhaven.cc', 'wallpapers.net', 'flickr.com', 'imgur.com', 'deviantart.com', 'interfacelift.com', 'vladstudio.com', 'imageshack.us', 'deviantart.net', 'imageshack.com']'
INFO: 2025-11-18 15:27:02,542: log_options() 'clipboard_use_whitelist = True'
INFO: 2025-11-18 15:27:02,542: log_options() 'clock_date_font = Serif 30'
INFO: 2025-11-18 15:27:02,542: log_options() 'clock_enabled = False'
INFO: 2025-11-18 15:27:02,542: log_options() 'clock_filter = -density 100 -font `fc-match -f '%{file[0]}' '%CLOCK_FONT_NAME'` -pointsize %CLOCK_FONT_SIZE -gravity SouthEast -fill '#00000044' -annotate 0x0+[%HOFFSET+58]+[%VOFFSET+108] '%H:%M' -fill white -annotate 0x0+[%HOFFSET+60]+[%VOFFSET+110] '%H:%M' -font `fc-match -f '%{file[0]}' '%DATE_FONT_NAME'` -pointsize %DATE_FONT_SIZE -fill '#00000044' -annotate 0x0+[%HOFFSET+58]+[%VOFFSET+58] '%A, %B %d' -fill white -annotate 0x0+[%HOFFSET+60]+[%VOFFSET+60] '%A, %B %d''
INFO: 2025-11-18 15:27:02,542: log_options() 'clock_font = Serif 70'
INFO: 2025-11-18 15:27:02,542: log_options() 'configfile = /home/arthur.wambst/.config/variety/variety.conf'
INFO: 2025-11-18 15:27:02,542: log_options() 'copyto_enabled = True'
INFO: 2025-11-18 15:27:02,542: log_options() 'copyto_folder = /home/arthur.wambst/.cache/betterlockscreen/wallapaper'
INFO: 2025-11-18 15:27:02,542: log_options() 'desired_color = [160, 160, 160]'
INFO: 2025-11-18 15:27:02,542: log_options() 'desired_color_enabled = False'
INFO: 2025-11-18 15:27:02,542: log_options() 'download_folder = /home/arthur.wambst/.config/variety/Downloaded'
INFO: 2025-11-18 15:27:02,542: log_options() 'download_preference_ratio = 0.9'
INFO: 2025-11-18 15:27:02,542: log_options() 'favorites_folder = /home/arthur.wambst/.config/variety/Favorites'
INFO: 2025-11-18 15:27:02,542: log_options() 'favorites_operations = [['Downloaded', 'Copy'], ['Fetched', 'Move'], ['Others', 'Copy']]'
INFO: 2025-11-18 15:27:02,542: log_options() 'fetched_folder = /home/arthur.wambst/.config/variety/Fetched'
INFO: 2025-11-18 15:27:02,542: log_options() 'filters = [[True, 'Keep original', ''], [False, 'Grayscale', '-type Grayscale'], [False, 'Heavy blur', '-scale 20% -blur 0x10 -resize 500%'], [False, 'Soft blur', '-scale 20% -blur 0x2 -resize 500%'], [False, 'Oil painting', '-paint 8'], [False, 'Pointilism', '-spread 10 -noise 3'], [False, 'Pixellate', '-scale 3% -scale 3333%']]'
INFO: 2025-11-18 15:27:02,542: log_options() 'get_wallpaper_script = /home/arthur.wambst/.config/variety/scripts/get_wallpaper'
INFO: 2025-11-18 15:27:02,542: log_options() 'icon = Light'
INFO: 2025-11-18 15:27:02,542: log_options() 'internet_enabled = False'
INFO: 2025-11-18 15:27:02,542: log_options() 'lightness_enabled = False'
INFO: 2025-11-18 15:27:02,542: log_options() 'lightness_mode = 0'
INFO: 2025-11-18 15:27:02,542: log_options() 'min_rating = 4'
INFO: 2025-11-18 15:27:02,542: log_options() 'min_rating_enabled = False'
INFO: 2025-11-18 15:27:02,542: log_options() 'min_size = 80'
INFO: 2025-11-18 15:27:02,542: log_options() 'min_size_enabled = False'
INFO: 2025-11-18 15:27:02,542: log_options() 'name_regex = .*'
INFO: 2025-11-18 15:27:02,543: log_options() 'name_regex_enabled = False'
INFO: 2025-11-18 15:27:02,543: log_options() 'quota_enabled = True'
INFO: 2025-11-18 15:27:02,543: log_options() 'quota_size = 1000'
INFO: 2025-11-18 15:27:02,543: log_options() 'quotes_authors = '
INFO: 2025-11-18 15:27:02,543: log_options() 'quotes_bg_color = [80, 80, 80]'
INFO: 2025-11-18 15:27:02,543: set_visible() 'Showing indicator icon'
INFO: 2025-11-18 15:27:02,543: log_options() 'quotes_bg_opacity = 0'
INFO: 2025-11-18 15:27:02,543: log_options() 'quotes_change_enabled = False'
INFO: 2025-11-18 15:27:02,543: set_from_theme_icon() 'Showing indicator icon variety-indicator from GTK theme'
INFO: 2025-11-18 15:27:02,543: log_options() 'quotes_change_interval = 300'
INFO: 2025-11-18 15:27:02,543: log_options() 'quotes_disabled_sources = ['Local text files', 'Urban Dictionary']'
INFO: 2025-11-18 15:27:02,543: log_options() 'quotes_enabled = False'
INFO: 2025-11-18 15:27:02,543: log_options() 'quotes_favorites_file = /home/arthur.wambst/.config/variety/favorite_quotes.txt'
INFO: 2025-11-18 15:27:02,543: log_options() 'quotes_font = Serif Italic 7'
INFO: 2025-11-18 15:27:02,543: log_options() 'quotes_hpos = 0'
INFO: 2025-11-18 15:27:02,543: log_options() 'quotes_max_length = 250'
INFO: 2025-11-18 15:27:02,543: log_options() 'quotes_tags = funny'
INFO: 2025-11-18 15:27:02,543: log_options() 'quotes_text_color = [255, 255, 255]'
INFO: 2025-11-18 15:27:02,543: log_options() 'quotes_text_shadow = False'
INFO: 2025-11-18 15:27:02,543: log_options() 'quotes_vpos = 100'
INFO: 2025-11-18 15:27:02,543: log_options() 'quotes_width = 61'
INFO: 2025-11-18 15:27:02,543: log_options() 'safe_mode = False'
INFO: 2025-11-18 15:27:02,543: log_options() 'set_wallpaper_script = /home/arthur.wambst/.config/variety/scripts/set_wallpaper'
INFO: 2025-11-18 15:27:02,543: log_options() 'slideshow_custom_enabled = False'
INFO: 2025-11-18 15:27:02,543: log_options() 'slideshow_custom_folder = /home/arthur.wambst/Pictures'
INFO: 2025-11-18 15:27:02,543: log_options() 'slideshow_downloads_enabled = False'
INFO: 2025-11-18 15:27:02,543: log_options() 'slideshow_fade = 0.4'
INFO: 2025-11-18 15:27:02,543: log_options() 'slideshow_favorites_enabled = True'
INFO: 2025-11-18 15:27:02,543: log_options() 'slideshow_mode = Fullscreen'
INFO: 2025-11-18 15:27:02,543: log_options() 'slideshow_monitor = All'
INFO: 2025-11-18 15:27:02,543: log_options() 'slideshow_pan = 0.05'
INFO: 2025-11-18 15:27:02,543: log_options() 'slideshow_seconds = 6.0'
INFO: 2025-11-18 15:27:02,543: log_options() 'slideshow_sort_order = Random'
INFO: 2025-11-18 15:27:02,543: log_options() 'slideshow_sources_enabled = True'
INFO: 2025-11-18 15:27:02,543: log_options() 'slideshow_zoom = 0.2'
INFO: 2025-11-18 15:27:02,543: log_options() 'smart_enabled = False'
INFO: 2025-11-18 15:27:02,543: log_options() 'smart_notice_shown = False'
INFO: 2025-11-18 15:27:02,543: log_options() 'smart_register_shown = False'
INFO: 2025-11-18 15:27:02,543: log_options() 'sources = [[False, 'favorites', 'The Favorites folder'], [False, 'fetched', 'The Fetched folder'], [False, 'folder', '/usr/share/backgrounds'], [False, 'flickr', 'user:www.flickr.com/photos/peter-levi/;user_id:93647178@N00;'], [False, 'apod', "NASA's Astronomy Picture of the Day"], [False, 'bing', 'Bing Photo of the Day'], [False, 'earthview', 'Google Earth View Wallpapers'], [False, 'natgeo', "National Geographic's photo of the day"], [False, 'unsplash', 'High-resolution photos from Unsplash.com'], [False, 'folder', '/home/arthur.wambst/.config/wallpapers/knives_out'], [True, 'folder', '/home/arthur.wambst/.config/wallpapers']]'
INFO: 2025-11-18 15:27:02,543: log_options() 'stats_enabled = True'
INFO: 2025-11-18 15:27:02,543: log_options() 'stats_notice_shown = False'
INFO: 2025-11-18 15:27:02,543: log_options() 'sync_enabled = True'
INFO: 2025-11-18 15:27:02,543: log_options() 'use_landscape_enabled = True'
INFO: 2025-11-18 15:27:02,543: log_options() 'wallhaven_api_key = '
INFO: 2025-11-18 15:27:02,543: log_options() 'wallpaper_auto_rotate = False'
INFO: 2025-11-18 15:27:02,543: log_options() 'wallpaper_display_mode = fill-with-black'
INFO: 2025-11-18 15:27:02,543: reload_config() 'No need to clear prepared queue'
INFO: 2025-11-18 15:27:02,543: update_indicator() 'Setting file info to: /home/arthur.wambst/.config/wallpapers/ocean-car-floating.jpg'
INFO: 2025-11-18 15:27:02,544: prepare_thread() 'Prepared buffer contains 18 images'
INFO: 2025-11-18 15:27:02,644: do_set_wp() 'Calling do_set_wp with /home/arthur.wambst/.config/wallpapers/ocean-car-floating.jpg, time: 1763476022.6444638'
INFO: 2025-11-18 15:27:02,644: apply_display_mode() 'ImageMagick display mode cmd: convert /home/arthur.wambst/.config/wallpapers/ocean-car-floating.jpg -resize 1920x1080 -size 1920x1080 xc:black +swap -gravity center -composite /home/arthur.wambst/.config/variety/wallpaper/wallpaper-zoomed-efa94538ad3b16acc544f48a81dc3e8f.jpg'
INFO: 2025-11-18 15:27:02,963: update_indicator() 'Setting file info to: /home/arthur.wambst/.config/wallpapers/ocean-car-floating.jpg'
INFO: 2025-11-18 15:27:04,544: trigger_download() 'Triggering download thread to check if download needed and possible'
INFO: 2025-11-18 15:30:53,683: regular_change_thread() 'regular_change changes wallpaper'
INFO: 2025-11-18 15:30:53,683: set_wallpaper() 'Calling set_wallpaper with /home/arthur.wambst/.config/wallpapers/love/30312.png'
INFO: 2025-11-18 15:30:53,684: prepare_thread() 'Prepared buffer contains 17 images'
INFO: 2025-11-18 15:30:53,685: do_set_wp() 'Calling do_set_wp with /home/arthur.wambst/.config/wallpapers/love/30312.png, time: 1763476253.6852713'
INFO: 2025-11-18 15:30:53,686: apply_display_mode() 'ImageMagick display mode cmd: convert /home/arthur.wambst/.config/wallpapers/love/30312.png -resize 1920x1080 -size 1920x1080 xc:black +swap -gravity center -composite /home/arthur.wambst/.config/variety/wallpaper/wallpaper-zoomed-15f05bd335182bfbd0412b0fd6204cbb.jpg'
INFO: 2025-11-18 15:30:53,874: update_indicator() 'Setting file info to: /home/arthur.wambst/.config/wallpapers/love/30312.png'
INFO: 2025-11-18 15:30:55,686: trigger_download() 'Triggering download thread to check if download needed and possible'
INFO: 2025-11-18 15:35:52,260: reload() 'Reloading preferences dialog'
ERROR: 2025-11-18 15:35:52,260: get_xdg_pictures_folder() 'Could not get path to Pictures folder. Defaulting to ~/Pictures.'
Traceback (most recent call last):
  File "/nix/store/x1w5qm65s5rzzzmg08vzzlfc9f148rs9-variety-0.8.13/lib/python3.13/site-packages/variety/Util.py", line 818, in get_xdg_pictures_folder
    raise Exception("Could not get path to Pictures folder. Defaulting to ~/Pictures.")
Exception: Could not get path to Pictures folder. Defaulting to ~/Pictures.
ERROR: 2025-11-18 15:35:52,264: get_xdg_pictures_folder() 'Could not get path to Pictures folder. Defaulting to ~/Pictures.'
Traceback (most recent call last):
  File "/nix/store/x1w5qm65s5rzzzmg08vzzlfc9f148rs9-variety-0.8.13/lib/python3.13/site-packages/variety/Util.py", line 818, in get_xdg_pictures_folder
    raise Exception("Could not get path to Pictures folder. Defaulting to ~/Pictures.")
Exception: Could not get path to Pictures folder. Defaulting to ~/Pictures.
ERROR: 2025-11-18 15:35:52,266: get_file_icon_name() 'Exception while obtaining folder icon for /home/arthur.wambst/Pictures:'
Traceback (most recent call last):
  File "/nix/store/x1w5qm65s5rzzzmg08vzzlfc9f148rs9-variety-0.8.13/lib/python3.13/site-packages/variety/Util.py", line 803, in get_file_icon_name
    query_info = f.query_info("standard::icon", Gio.FileQueryInfoFlags.NONE, None)
gi.repository.GLib.GError: g-io-error-quark: Error when getting information for file “/home/arthur.wambst/Pictures”: No such file or directory (1)
ERROR: 2025-11-18 15:35:52,269: get_xdg_pictures_folder() 'Could not get path to Pictures folder. Defaulting to ~/Pictures.'
Traceback (most recent call last):
  File "/nix/store/x1w5qm65s5rzzzmg08vzzlfc9f148rs9-variety-0.8.13/lib/python3.13/site-packages/variety/Util.py", line 818, in get_xdg_pictures_folder
    raise Exception("Could not get path to Pictures folder. Defaulting to ~/Pictures.")
Exception: Could not get path to Pictures folder. Defaulting to ~/Pictures.
INFO: 2025-11-18 15:35:53,937: regular_change_thread() 'regular_change changes wallpaper'
INFO: 2025-11-18 15:35:53,938: set_wallpaper() 'Calling set_wallpaper with /home/arthur.wambst/.config/wallpapers/knives_out/glass_onion.png'
INFO: 2025-11-18 15:35:53,938: prepare_thread() 'Prepared buffer contains 16 images'
INFO: 2025-11-18 15:35:53,940: do_set_wp() 'Calling do_set_wp with /home/arthur.wambst/.config/wallpapers/knives_out/glass_onion.png, time: 1763476553.940287'
INFO: 2025-11-18 15:35:53,941: apply_display_mode() 'ImageMagick display mode cmd: convert /home/arthur.wambst/.config/wallpapers/knives_out/glass_onion.png -resize 1920x1080 -size 1920x1080 xc:black +swap -gravity center -composite /home/arthur.wambst/.config/variety/wallpaper/wallpaper-zoomed-2566c231657f8e6e2b2b703ef4bdf498.jpg'
INFO: 2025-11-18 15:35:54,072: update_indicator() 'Setting file info to: /home/arthur.wambst/.config/wallpapers/knives_out/glass_onion.png'
ERROR: 2025-11-18 15:35:55,129: save_options() 'Missing or bad thumbs_position option in ui.conf'
Traceback (most recent call last):
  File "/nix/store/x1w5qm65s5rzzzmg08vzzlfc9f148rs9-variety-0.8.13/lib/python3.13/site-packages/variety/ThumbsManager.py", line 436, in save_options
    config.write()
    ~~~~~~~~~~~~^^
  File "/nix/store/8h93ckv7bshxz4mja566yrgj5yf022ii-python3.13-configobj-5.0.9/lib/python3.13/site-packages/configobj/__init__.py", line 2119, in write
    with open(self.filename, 'wb') as h:
         ~~~~^^^^^^^^^^^^^^^^^^^^^
PermissionError: [Errno 13] Permission denied: '/home/arthur.wambst/.config/variety/ui.conf'
ERROR: 2025-11-18 15:35:55,133: save_options() 'Missing or bad thumbs_position option in ui.conf'
Traceback (most recent call last):
  File "/nix/store/x1w5qm65s5rzzzmg08vzzlfc9f148rs9-variety-0.8.13/lib/python3.13/site-packages/variety/ThumbsManager.py", line 436, in save_options
    config.write()
    ~~~~~~~~~~~~^^
  File "/nix/store/8h93ckv7bshxz4mja566yrgj5yf022ii-python3.13-configobj-5.0.9/lib/python3.13/site-packages/configobj/__init__.py", line 2119, in write
    with open(self.filename, 'wb') as h:
         ~~~~^^^^^^^^^^^^^^^^^^^^^
PermissionError: [Errno 13] Permission denied: '/home/arthur.wambst/.config/variety/ui.conf'
INFO: 2025-11-18 15:35:55,940: trigger_download() 'Triggering download thread to check if download needed and possible'
INFO: 2025-11-18 15:35:56,629: update_indicator() 'Setting file info to: /home/arthur.wambst/.config/wallpapers/knives_out/glass_onion.png'
ERROR: 2025-11-18 15:35:56,630: save_options() 'Missing or bad thumbs_position option in ui.conf'
Traceback (most recent call last):
  File "/nix/store/x1w5qm65s5rzzzmg08vzzlfc9f148rs9-variety-0.8.13/lib/python3.13/site-packages/variety/ThumbsManager.py", line 436, in save_options
    config.write()
    ~~~~~~~~~~~~^^
  File "/nix/store/8h93ckv7bshxz4mja566yrgj5yf022ii-python3.13-configobj-5.0.9/lib/python3.13/site-packages/configobj/__init__.py", line 2119, in write
    with open(self.filename, 'wb') as h:
         ~~~~^^^^^^^^^^^^^^^^^^^^^
PermissionError: [Errno 13] Permission denied: '/home/arthur.wambst/.config/variety/ui.conf'
ERROR: 2025-11-18 15:35:56,631: save_options() 'Missing or bad thumbs_position option in ui.conf'
Traceback (most recent call last):
  File "/nix/store/x1w5qm65s5rzzzmg08vzzlfc9f148rs9-variety-0.8.13/lib/python3.13/site-packages/variety/ThumbsManager.py", line 436, in save_options
    config.write()
    ~~~~~~~~~~~~^^
  File "/nix/store/8h93ckv7bshxz4mja566yrgj5yf022ii-python3.13-configobj-5.0.9/lib/python3.13/site-packages/configobj/__init__.py", line 2119, in write
    with open(self.filename, 'wb') as h:
         ~~~~^^^^^^^^^^^^^^^^^^^^^
PermissionError: [Errno 13] Permission denied: '/home/arthur.wambst/.config/variety/ui.conf'
INFO: 2025-11-18 15:36:12,109: add_sources() 'Source already exists, activating it: /home/arthur.wambst/.config/wallpapers/knives_out'
INFO: 2025-11-18 15:36:12,210: apply() 'Applying preferences'
ERROR: 2025-11-18 15:36:12,211: get_xdg_pictures_folder() 'Could not get path to Pictures folder. Defaulting to ~/Pictures.'
Traceback (most recent call last):
  File "/nix/store/x1w5qm65s5rzzzmg08vzzlfc9f148rs9-variety-0.8.13/lib/python3.13/site-packages/variety/Util.py", line 818, in get_xdg_pictures_folder
    raise Exception("Could not get path to Pictures folder. Defaulting to ~/Pictures.")
Exception: Could not get path to Pictures folder. Defaulting to ~/Pictures.
ERROR: 2025-11-18 15:36:12,213: get_xdg_pictures_folder() 'Could not get path to Pictures folder. Defaulting to ~/Pictures.'
Traceback (most recent call last):
  File "/nix/store/x1w5qm65s5rzzzmg08vzzlfc9f148rs9-variety-0.8.13/lib/python3.13/site-packages/variety/Util.py", line 818, in get_xdg_pictures_folder
    raise Exception("Could not get path to Pictures folder. Defaulting to ~/Pictures.")
Exception: Could not get path to Pictures folder. Defaulting to ~/Pictures.
ERROR: 2025-11-18 15:36:12,214: get_xdg_pictures_folder() 'Could not get path to Pictures folder. Defaulting to ~/Pictures.'
Traceback (most recent call last):
  File "/nix/store/x1w5qm65s5rzzzmg08vzzlfc9f148rs9-variety-0.8.13/lib/python3.13/site-packages/variety/Util.py", line 818, in get_xdg_pictures_folder
    raise Exception("Could not get path to Pictures folder. Defaulting to ~/Pictures.")
Exception: Could not get path to Pictures folder. Defaulting to ~/Pictures.
ERROR: 2025-11-18 15:36:12,216: get_xdg_pictures_folder() 'Could not get path to Pictures folder. Defaulting to ~/Pictures.'
Traceback (most recent call last):
  File "/nix/store/x1w5qm65s5rzzzmg08vzzlfc9f148rs9-variety-0.8.13/lib/python3.13/site-packages/variety/Util.py", line 818, in get_xdg_pictures_folder
    raise Exception("Could not get path to Pictures folder. Defaulting to ~/Pictures.")
Exception: Could not get path to Pictures folder. Defaulting to ~/Pictures.
ERROR: 2025-11-18 15:36:12,218: get_xdg_pictures_folder() 'Could not get path to Pictures folder. Defaulting to ~/Pictures.'
Traceback (most recent call last):
  File "/nix/store/x1w5qm65s5rzzzmg08vzzlfc9f148rs9-variety-0.8.13/lib/python3.13/site-packages/variety/Util.py", line 818, in get_xdg_pictures_folder
    raise Exception("Could not get path to Pictures folder. Defaulting to ~/Pictures.")
Exception: Could not get path to Pictures folder. Defaulting to ~/Pictures.
INFO: 2025-11-18 15:36:12,218: set_visible() 'Showing indicator icon'
INFO: 2025-11-18 15:36:12,218: log_options() 'Loaded options:'
INFO: 2025-11-18 15:36:12,218: set_from_theme_icon() 'Showing indicator icon variety-indicator from GTK theme'
INFO: 2025-11-18 15:36:12,218: log_options() 'change_enabled = True'
INFO: 2025-11-18 15:36:12,218: log_options() 'change_interval = 300'
INFO: 2025-11-18 15:36:12,219: log_options() 'change_on_start = False'
INFO: 2025-11-18 15:36:12,219: log_options() 'clipboard_enabled = False'
INFO: 2025-11-18 15:36:12,219: log_options() 'clipboard_hosts = ['wallhaven.cc', 'wallpapers.net', 'flickr.com', 'imgur.com', 'deviantart.com', 'interfacelift.com', 'vladstudio.com', 'imageshack.us', 'deviantart.net', 'imageshack.com']'
INFO: 2025-11-18 15:36:12,219: log_options() 'clipboard_use_whitelist = True'
INFO: 2025-11-18 15:36:12,219: log_options() 'clock_date_font = Serif 30'
INFO: 2025-11-18 15:36:12,219: log_options() 'clock_enabled = False'
INFO: 2025-11-18 15:36:12,219: log_options() 'clock_filter = -density 100 -font `fc-match -f '%{file[0]}' '%CLOCK_FONT_NAME'` -pointsize %CLOCK_FONT_SIZE -gravity SouthEast -fill '#00000044' -annotate 0x0+[%HOFFSET+58]+[%VOFFSET+108] '%H:%M' -fill white -annotate 0x0+[%HOFFSET+60]+[%VOFFSET+110] '%H:%M' -font `fc-match -f '%{file[0]}' '%DATE_FONT_NAME'` -pointsize %DATE_FONT_SIZE -fill '#00000044' -annotate 0x0+[%HOFFSET+58]+[%VOFFSET+58] '%A, %B %d' -fill white -annotate 0x0+[%HOFFSET+60]+[%VOFFSET+60] '%A, %B %d''
INFO: 2025-11-18 15:36:12,219: log_options() 'clock_font = Serif 70'
INFO: 2025-11-18 15:36:12,219: log_options() 'configfile = /home/arthur.wambst/.config/variety/variety.conf'
INFO: 2025-11-18 15:36:12,219: log_options() 'copyto_enabled = True'
INFO: 2025-11-18 15:36:12,219: log_options() 'copyto_folder = /home/arthur.wambst/.cache/betterlockscreen/wallapaper'
INFO: 2025-11-18 15:36:12,219: log_options() 'desired_color = [160, 160, 160]'
INFO: 2025-11-18 15:36:12,219: log_options() 'desired_color_enabled = False'
INFO: 2025-11-18 15:36:12,219: log_options() 'download_folder = /home/arthur.wambst/.config/variety/Downloaded'
INFO: 2025-11-18 15:36:12,219: log_options() 'download_preference_ratio = 0.9'
INFO: 2025-11-18 15:36:12,219: log_options() 'favorites_folder = /home/arthur.wambst/.config/variety/Favorites'
INFO: 2025-11-18 15:36:12,219: log_options() 'favorites_operations = [['Downloaded', 'Copy'], ['Fetched', 'Move'], ['Others', 'Copy']]'
INFO: 2025-11-18 15:36:12,219: log_options() 'fetched_folder = /home/arthur.wambst/.config/variety/Fetched'
INFO: 2025-11-18 15:36:12,219: log_options() 'filters = [[True, 'Keep original', ''], [False, 'Grayscale', '-type Grayscale'], [False, 'Heavy blur', '-scale 20% -blur 0x10 -resize 500%'], [False, 'Soft blur', '-scale 20% -blur 0x2 -resize 500%'], [False, 'Oil painting', '-paint 8'], [False, 'Pointilism', '-spread 10 -noise 3'], [False, 'Pixellate', '-scale 3% -scale 3333%']]'
INFO: 2025-11-18 15:36:12,219: log_options() 'get_wallpaper_script = /home/arthur.wambst/.config/variety/scripts/get_wallpaper'
INFO: 2025-11-18 15:36:12,219: log_options() 'icon = Light'
INFO: 2025-11-18 15:36:12,219: log_options() 'internet_enabled = False'
INFO: 2025-11-18 15:36:12,219: log_options() 'lightness_enabled = False'
INFO: 2025-11-18 15:36:12,219: log_options() 'lightness_mode = 0'
INFO: 2025-11-18 15:36:12,219: log_options() 'min_rating = 4'
INFO: 2025-11-18 15:36:12,219: log_options() 'min_rating_enabled = False'
INFO: 2025-11-18 15:36:12,219: log_options() 'min_size = 80'
INFO: 2025-11-18 15:36:12,219: log_options() 'min_size_enabled = False'
INFO: 2025-11-18 15:36:12,219: log_options() 'name_regex = .*'
INFO: 2025-11-18 15:36:12,219: log_options() 'name_regex_enabled = False'
INFO: 2025-11-18 15:36:12,219: log_options() 'quota_enabled = True'
INFO: 2025-11-18 15:36:12,219: log_options() 'quota_size = 1000'
INFO: 2025-11-18 15:36:12,219: log_options() 'quotes_authors = '
INFO: 2025-11-18 15:36:12,220: log_options() 'quotes_bg_color = [80, 80, 80]'
INFO: 2025-11-18 15:36:12,220: log_options() 'quotes_bg_opacity = 0'
INFO: 2025-11-18 15:36:12,220: log_options() 'quotes_change_enabled = False'
INFO: 2025-11-18 15:36:12,220: log_options() 'quotes_change_interval = 300'
INFO: 2025-11-18 15:36:12,220: log_options() 'quotes_disabled_sources = ['Local text files', 'Urban Dictionary']'
INFO: 2025-11-18 15:36:12,220: log_options() 'quotes_enabled = False'
INFO: 2025-11-18 15:36:12,220: log_options() 'quotes_favorites_file = /home/arthur.wambst/.config/variety/favorite_quotes.txt'
INFO: 2025-11-18 15:36:12,220: log_options() 'quotes_font = Serif Italic 7'
INFO: 2025-11-18 15:36:12,220: log_options() 'quotes_hpos = 0'
INFO: 2025-11-18 15:36:12,220: log_options() 'quotes_max_length = 250'
INFO: 2025-11-18 15:36:12,220: log_options() 'quotes_tags = funny'
INFO: 2025-11-18 15:36:12,220: log_options() 'quotes_text_color = [255, 255, 255]'
INFO: 2025-11-18 15:36:12,220: log_options() 'quotes_text_shadow = False'
INFO: 2025-11-18 15:36:12,220: log_options() 'quotes_vpos = 100'
INFO: 2025-11-18 15:36:12,220: log_options() 'quotes_width = 61'
INFO: 2025-11-18 15:36:12,220: log_options() 'safe_mode = False'
INFO: 2025-11-18 15:36:12,220: log_options() 'set_wallpaper_script = /home/arthur.wambst/.config/variety/scripts/set_wallpaper'
INFO: 2025-11-18 15:36:12,220: log_options() 'slideshow_custom_enabled = False'
INFO: 2025-11-18 15:36:12,220: log_options() 'slideshow_custom_folder = /home/arthur.wambst/Pictures'
INFO: 2025-11-18 15:36:12,220: log_options() 'slideshow_downloads_enabled = False'
INFO: 2025-11-18 15:36:12,220: log_options() 'slideshow_fade = 0.4'
INFO: 2025-11-18 15:36:12,220: log_options() 'slideshow_favorites_enabled = True'
INFO: 2025-11-18 15:36:12,220: log_options() 'slideshow_mode = Fullscreen'
INFO: 2025-11-18 15:36:12,220: log_options() 'slideshow_monitor = All'
INFO: 2025-11-18 15:36:12,220: log_options() 'slideshow_pan = 0.05'
INFO: 2025-11-18 15:36:12,220: log_options() 'slideshow_seconds = 6.0'
INFO: 2025-11-18 15:36:12,220: log_options() 'slideshow_sort_order = Random'
INFO: 2025-11-18 15:36:12,220: log_options() 'slideshow_sources_enabled = True'
INFO: 2025-11-18 15:36:12,220: log_options() 'slideshow_zoom = 0.2'
INFO: 2025-11-18 15:36:12,220: log_options() 'smart_enabled = False'
INFO: 2025-11-18 15:36:12,220: log_options() 'smart_notice_shown = False'
INFO: 2025-11-18 15:36:12,220: log_options() 'smart_register_shown = False'
INFO: 2025-11-18 15:36:12,220: log_options() 'sources = [[False, 'favorites', 'The Favorites folder'], [False, 'fetched', 'The Fetched folder'], [False, 'folder', '/usr/share/backgrounds'], [False, 'flickr', 'user:www.flickr.com/photos/peter-levi/;user_id:93647178@N00;'], [False, 'apod', "NASA's Astronomy Picture of the Day"], [False, 'bing', 'Bing Photo of the Day'], [False, 'earthview', 'Google Earth View Wallpapers'], [False, 'natgeo', "National Geographic's photo of the day"], [False, 'unsplash', 'High-resolution photos from Unsplash.com'], [True, 'folder', '/home/arthur.wambst/.config/wallpapers/knives_out'], [True, 'folder', '/home/arthur.wambst/.config/wallpapers'], [True, 'folder', '/home/arthur.wambst/.config/wallpapers/urban'], [True, 'folder', '/home/arthur.wambst/.config/wallpapers/noel'], [True, 'folder', '/home/arthur.wambst/.config/wallpapers/asm']]'
INFO: 2025-11-18 15:36:12,220: log_options() 'stats_enabled = True'
INFO: 2025-11-18 15:36:12,220: log_options() 'stats_notice_shown = False'
INFO: 2025-11-18 15:36:12,220: log_options() 'sync_enabled = True'
INFO: 2025-11-18 15:36:12,221: log_options() 'use_landscape_enabled = True'
INFO: 2025-11-18 15:36:12,221: log_options() 'wallhaven_api_key = '
INFO: 2025-11-18 15:36:12,221: log_options() 'wallpaper_auto_rotate = False'
INFO: 2025-11-18 15:36:12,221: log_options() 'wallpaper_display_mode = fill-with-black'
INFO: 2025-11-18 15:36:12,221: clear_prepared_queue() 'Clearing prepared queue'
INFO: 2025-11-18 15:36:12,221: update_indicator() 'Setting file info to: /home/arthur.wambst/.config/wallpapers/knives_out/glass_onion.png'
INFO: 2025-11-18 15:36:12,221: prepare_thread() 'Prepared buffer contains 0 images'
INFO: 2025-11-18 15:36:12,221: prepare_thread() 'Preparing some images'
INFO: 2025-11-18 15:36:12,223: prepare_thread() 'After search prepared buffer contains 18 images'
INFO: 2025-11-18 15:36:12,223: prepare_thread() 'Prepared buffer contains 18 images'
INFO: 2025-11-18 15:36:12,322: do_set_wp() 'Calling do_set_wp with /home/arthur.wambst/.config/wallpapers/knives_out/glass_onion.png, time: 1763476572.3222344'
INFO: 2025-11-18 15:36:12,322: apply_display_mode() 'ImageMagick display mode cmd: convert /home/arthur.wambst/.config/wallpapers/knives_out/glass_onion.png -resize 1920x1080 -size 1920x1080 xc:black +swap -gravity center -composite /home/arthur.wambst/.config/variety/wallpaper/wallpaper-zoomed-5d5eaab62e067863cc9556a29c35d240.jpg'
INFO: 2025-11-18 15:36:12,411: update_indicator() 'Setting file info to: /home/arthur.wambst/.config/wallpapers/knives_out/glass_onion.png'
ERROR: 2025-11-18 15:36:12,412: save_options() 'Missing or bad thumbs_position option in ui.conf'
Traceback (most recent call last):
  File "/nix/store/x1w5qm65s5rzzzmg08vzzlfc9f148rs9-variety-0.8.13/lib/python3.13/site-packages/variety/ThumbsManager.py", line 436, in save_options
    config.write()
    ~~~~~~~~~~~~^^
  File "/nix/store/8h93ckv7bshxz4mja566yrgj5yf022ii-python3.13-configobj-5.0.9/lib/python3.13/site-packages/configobj/__init__.py", line 2119, in write
    with open(self.filename, 'wb') as h:
         ~~~~^^^^^^^^^^^^^^^^^^^^^
PermissionError: [Errno 13] Permission denied: '/home/arthur.wambst/.config/variety/ui.conf'
ERROR: 2025-11-18 15:36:12,415: save_options() 'Missing or bad thumbs_position option in ui.conf'
Traceback (most recent call last):
  File "/nix/store/x1w5qm65s5rzzzmg08vzzlfc9f148rs9-variety-0.8.13/lib/python3.13/site-packages/variety/ThumbsManager.py", line 436, in save_options
    config.write()
    ~~~~~~~~~~~~^^
  File "/nix/store/8h93ckv7bshxz4mja566yrgj5yf022ii-python3.13-configobj-5.0.9/lib/python3.13/site-packages/configobj/__init__.py", line 2119, in write
    with open(self.filename, 'wb') as h:
         ~~~~^^^^^^^^^^^^^^^^^^^^^
PermissionError: [Errno 13] Permission denied: '/home/arthur.wambst/.config/variety/ui.conf'
INFO: 2025-11-18 15:36:12,450: update_indicator() 'Setting file info to: /home/arthur.wambst/.config/wallpapers/knives_out/glass_onion.png'
INFO: 2025-11-18 15:36:13,486: apply() 'Applying preferences'
ERROR: 2025-11-18 15:36:13,486: get_xdg_pictures_folder() 'Could not get path to Pictures folder. Defaulting to ~/Pictures.'
Traceback (most recent call last):
  File "/nix/store/x1w5qm65s5rzzzmg08vzzlfc9f148rs9-variety-0.8.13/lib/python3.13/site-packages/variety/Util.py", line 818, in get_xdg_pictures_folder
    raise Exception("Could not get path to Pictures folder. Defaulting to ~/Pictures.")
Exception: Could not get path to Pictures folder. Defaulting to ~/Pictures.
ERROR: 2025-11-18 15:36:13,487: get_xdg_pictures_folder() 'Could not get path to Pictures folder. Defaulting to ~/Pictures.'
Traceback (most recent call last):
  File "/nix/store/x1w5qm65s5rzzzmg08vzzlfc9f148rs9-variety-0.8.13/lib/python3.13/site-packages/variety/Util.py", line 818, in get_xdg_pictures_folder
    raise Exception("Could not get path to Pictures folder. Defaulting to ~/Pictures.")
Exception: Could not get path to Pictures folder. Defaulting to ~/Pictures.
ERROR: 2025-11-18 15:36:13,488: get_xdg_pictures_folder() 'Could not get path to Pictures folder. Defaulting to ~/Pictures.'
Traceback (most recent call last):
  File "/nix/store/x1w5qm65s5rzzzmg08vzzlfc9f148rs9-variety-0.8.13/lib/python3.13/site-packages/variety/Util.py", line 818, in get_xdg_pictures_folder
    raise Exception("Could not get path to Pictures folder. Defaulting to ~/Pictures.")
Exception: Could not get path to Pictures folder. Defaulting to ~/Pictures.
ERROR: 2025-11-18 15:36:13,489: get_xdg_pictures_folder() 'Could not get path to Pictures folder. Defaulting to ~/Pictures.'
Traceback (most recent call last):
  File "/nix/store/x1w5qm65s5rzzzmg08vzzlfc9f148rs9-variety-0.8.13/lib/python3.13/site-packages/variety/Util.py", line 818, in get_xdg_pictures_folder
    raise Exception("Could not get path to Pictures folder. Defaulting to ~/Pictures.")
Exception: Could not get path to Pictures folder. Defaulting to ~/Pictures.
ERROR: 2025-11-18 15:36:13,489: get_xdg_pictures_folder() 'Could not get path to Pictures folder. Defaulting to ~/Pictures.'
Traceback (most recent call last):
  File "/nix/store/x1w5qm65s5rzzzmg08vzzlfc9f148rs9-variety-0.8.13/lib/python3.13/site-packages/variety/Util.py", line 818, in get_xdg_pictures_folder
    raise Exception("Could not get path to Pictures folder. Defaulting to ~/Pictures.")
Exception: Could not get path to Pictures folder. Defaulting to ~/Pictures.
INFO: 2025-11-18 15:36:13,490: log_options() 'Loaded options:'
INFO: 2025-11-18 15:36:13,490: log_options() 'change_enabled = True'
INFO: 2025-11-18 15:36:13,490: log_options() 'change_interval = 300'
INFO: 2025-11-18 15:36:13,490: log_options() 'change_on_start = False'
INFO: 2025-11-18 15:36:13,490: log_options() 'clipboard_enabled = False'
INFO: 2025-11-18 15:36:13,490: log_options() 'clipboard_hosts = ['wallhaven.cc', 'wallpapers.net', 'flickr.com', 'imgur.com', 'deviantart.com', 'interfacelift.com', 'vladstudio.com', 'imageshack.us', 'deviantart.net', 'imageshack.com']'
INFO: 2025-11-18 15:36:13,490: log_options() 'clipboard_use_whitelist = True'
INFO: 2025-11-18 15:36:13,490: log_options() 'clock_date_font = Serif 30'
INFO: 2025-11-18 15:36:13,490: log_options() 'clock_enabled = False'
INFO: 2025-11-18 15:36:13,490: log_options() 'clock_filter = -density 100 -font `fc-match -f '%{file[0]}' '%CLOCK_FONT_NAME'` -pointsize %CLOCK_FONT_SIZE -gravity SouthEast -fill '#00000044' -annotate 0x0+[%HOFFSET+58]+[%VOFFSET+108] '%H:%M' -fill white -annotate 0x0+[%HOFFSET+60]+[%VOFFSET+110] '%H:%M' -font `fc-match -f '%{file[0]}' '%DATE_FONT_NAME'` -pointsize %DATE_FONT_SIZE -fill '#00000044' -annotate 0x0+[%HOFFSET+58]+[%VOFFSET+58] '%A, %B %d' -fill white -annotate 0x0+[%HOFFSET+60]+[%VOFFSET+60] '%A, %B %d''
INFO: 2025-11-18 15:36:13,490: log_options() 'clock_font = Serif 70'
INFO: 2025-11-18 15:36:13,490: log_options() 'configfile = /home/arthur.wambst/.config/variety/variety.conf'
INFO: 2025-11-18 15:36:13,490: log_options() 'copyto_enabled = True'
INFO: 2025-11-18 15:36:13,490: log_options() 'copyto_folder = /home/arthur.wambst/.cache/betterlockscreen/wallapaper'
INFO: 2025-11-18 15:36:13,490: log_options() 'desired_color = [160, 160, 160]'
INFO: 2025-11-18 15:36:13,490: log_options() 'desired_color_enabled = False'
INFO: 2025-11-18 15:36:13,490: log_options() 'download_folder = /home/arthur.wambst/.config/variety/Downloaded'
INFO: 2025-11-18 15:36:13,490: log_options() 'download_preference_ratio = 0.9'
INFO: 2025-11-18 15:36:13,490: log_options() 'favorites_folder = /home/arthur.wambst/.config/variety/Favorites'
INFO: 2025-11-18 15:36:13,490: log_options() 'favorites_operations = [['Downloaded', 'Copy'], ['Fetched', 'Move'], ['Others', 'Copy']]'
INFO: 2025-11-18 15:36:13,490: log_options() 'fetched_folder = /home/arthur.wambst/.config/variety/Fetched'
INFO: 2025-11-18 15:36:13,490: log_options() 'filters = [[True, 'Keep original', ''], [False, 'Grayscale', '-type Grayscale'], [False, 'Heavy blur', '-scale 20% -blur 0x10 -resize 500%'], [False, 'Soft blur', '-scale 20% -blur 0x2 -resize 500%'], [False, 'Oil painting', '-paint 8'], [False, 'Pointilism', '-spread 10 -noise 3'], [False, 'Pixellate', '-scale 3% -scale 3333%']]'
INFO: 2025-11-18 15:36:13,490: log_options() 'get_wallpaper_script = /home/arthur.wambst/.config/variety/scripts/get_wallpaper'
INFO: 2025-11-18 15:36:13,490: log_options() 'icon = Light'
INFO: 2025-11-18 15:36:13,490: log_options() 'internet_enabled = False'
INFO: 2025-11-18 15:36:13,490: log_options() 'lightness_enabled = False'
INFO: 2025-11-18 15:36:13,490: log_options() 'lightness_mode = 0'
INFO: 2025-11-18 15:36:13,490: log_options() 'min_rating = 4'
INFO: 2025-11-18 15:36:13,490: log_options() 'min_rating_enabled = False'
INFO: 2025-11-18 15:36:13,490: log_options() 'min_size = 80'
INFO: 2025-11-18 15:36:13,490: log_options() 'min_size_enabled = False'
INFO: 2025-11-18 15:36:13,490: log_options() 'name_regex = .*'
INFO: 2025-11-18 15:36:13,490: log_options() 'name_regex_enabled = False'
INFO: 2025-11-18 15:36:13,490: set_visible() 'Showing indicator icon'
INFO: 2025-11-18 15:36:13,490: log_options() 'quota_enabled = True'
INFO: 2025-11-18 15:36:13,490: log_options() 'quota_size = 1000'
INFO: 2025-11-18 15:36:13,490: log_options() 'quotes_authors = '
INFO: 2025-11-18 15:36:13,490: log_options() 'quotes_bg_color = [80, 80, 80]'
INFO: 2025-11-18 15:36:13,490: log_options() 'quotes_bg_opacity = 0'
INFO: 2025-11-18 15:36:13,490: log_options() 'quotes_change_enabled = False'
INFO: 2025-11-18 15:36:13,490: log_options() 'quotes_change_interval = 300'
INFO: 2025-11-18 15:36:13,490: log_options() 'quotes_disabled_sources = ['Local text files', 'Urban Dictionary']'
INFO: 2025-11-18 15:36:13,490: log_options() 'quotes_enabled = False'
INFO: 2025-11-18 15:36:13,490: log_options() 'quotes_favorites_file = /home/arthur.wambst/.config/variety/favorite_quotes.txt'
INFO: 2025-11-18 15:36:13,490: log_options() 'quotes_font = Serif Italic 7'
INFO: 2025-11-18 15:36:13,490: log_options() 'quotes_hpos = 0'
INFO: 2025-11-18 15:36:13,490: log_options() 'quotes_max_length = 250'
INFO: 2025-11-18 15:36:13,490: log_options() 'quotes_tags = funny'
INFO: 2025-11-18 15:36:13,490: log_options() 'quotes_text_color = [255, 255, 255]'
INFO: 2025-11-18 15:36:13,490: log_options() 'quotes_text_shadow = False'
INFO: 2025-11-18 15:36:13,490: log_options() 'quotes_vpos = 100'
INFO: 2025-11-18 15:36:13,490: log_options() 'quotes_width = 61'
INFO: 2025-11-18 15:36:13,490: log_options() 'safe_mode = False'
INFO: 2025-11-18 15:36:13,490: log_options() 'set_wallpaper_script = /home/arthur.wambst/.config/variety/scripts/set_wallpaper'
INFO: 2025-11-18 15:36:13,490: log_options() 'slideshow_custom_enabled = False'
INFO: 2025-11-18 15:36:13,490: log_options() 'slideshow_custom_folder = /home/arthur.wambst/Pictures'
INFO: 2025-11-18 15:36:13,490: log_options() 'slideshow_downloads_enabled = False'
INFO: 2025-11-18 15:36:13,490: log_options() 'slideshow_fade = 0.4'
INFO: 2025-11-18 15:36:13,490: set_from_theme_icon() 'Showing indicator icon variety-indicator from GTK theme'
INFO: 2025-11-18 15:36:13,490: log_options() 'slideshow_favorites_enabled = True'
INFO: 2025-11-18 15:36:13,490: log_options() 'slideshow_mode = Fullscreen'
INFO: 2025-11-18 15:36:13,490: log_options() 'slideshow_monitor = All'
INFO: 2025-11-18 15:36:13,490: log_options() 'slideshow_pan = 0.05'
INFO: 2025-11-18 15:36:13,490: log_options() 'slideshow_seconds = 6.0'
INFO: 2025-11-18 15:36:13,490: log_options() 'slideshow_sort_order = Random'
INFO: 2025-11-18 15:36:13,490: log_options() 'slideshow_sources_enabled = True'
INFO: 2025-11-18 15:36:13,490: log_options() 'slideshow_zoom = 0.2'
INFO: 2025-11-18 15:36:13,490: log_options() 'smart_enabled = False'
INFO: 2025-11-18 15:36:13,490: log_options() 'smart_notice_shown = False'
INFO: 2025-11-18 15:36:13,490: log_options() 'smart_register_shown = False'
INFO: 2025-11-18 15:36:13,490: log_options() 'sources = [[False, 'favorites', 'The Favorites folder'], [False, 'fetched', 'The Fetched folder'], [False, 'folder', '/usr/share/backgrounds'], [False, 'flickr', 'user:www.flickr.com/photos/peter-levi/;user_id:93647178@N00;'], [False, 'apod', "NASA's Astronomy Picture of the Day"], [False, 'bing', 'Bing Photo of the Day'], [False, 'earthview', 'Google Earth View Wallpapers'], [False, 'natgeo', "National Geographic's photo of the day"], [False, 'unsplash', 'High-resolution photos from Unsplash.com'], [True, 'folder', '/home/arthur.wambst/.config/wallpapers/knives_out'], [False, 'folder', '/home/arthur.wambst/.config/wallpapers'], [True, 'folder', '/home/arthur.wambst/.config/wallpapers/urban'], [True, 'folder', '/home/arthur.wambst/.config/wallpapers/noel'], [True, 'folder', '/home/arthur.wambst/.config/wallpapers/asm']]'
INFO: 2025-11-18 15:36:13,490: log_options() 'stats_enabled = True'
INFO: 2025-11-18 15:36:13,490: log_options() 'stats_notice_shown = False'
INFO: 2025-11-18 15:36:13,490: log_options() 'sync_enabled = True'
INFO: 2025-11-18 15:36:13,490: log_options() 'use_landscape_enabled = True'
INFO: 2025-11-18 15:36:13,490: log_options() 'wallhaven_api_key = '
INFO: 2025-11-18 15:36:13,490: log_options() 'wallpaper_auto_rotate = False'
INFO: 2025-11-18 15:36:13,490: log_options() 'wallpaper_display_mode = fill-with-black'
INFO: 2025-11-18 15:36:13,490: clear_prepared_queue() 'Clearing prepared queue'
INFO: 2025-11-18 15:36:13,490: update_indicator() 'Setting file info to: /home/arthur.wambst/.config/wallpapers/knives_out/glass_onion.png'
INFO: 2025-11-18 15:36:13,491: prepare_thread() 'Prepared buffer contains 0 images'
INFO: 2025-11-18 15:36:13,491: prepare_thread() 'Preparing some images'
INFO: 2025-11-18 15:36:13,492: prepare_thread() 'After search prepared buffer contains 9 images'
INFO: 2025-11-18 15:36:13,492: prepare_thread() 'Prepared buffer contains 9 images'
INFO: 2025-11-18 15:36:13,591: do_set_wp() 'Calling do_set_wp with /home/arthur.wambst/.config/wallpapers/knives_out/glass_onion.png, time: 1763476573.5919034'
INFO: 2025-11-18 15:36:13,592: apply_display_mode() 'ImageMagick display mode cmd: convert /home/arthur.wambst/.config/wallpapers/knives_out/glass_onion.png -resize 1920x1080 -size 1920x1080 xc:black +swap -gravity center -composite /home/arthur.wambst/.config/variety/wallpaper/wallpaper-zoomed-588dbd3660393dd84ed4247297006428.jpg'
INFO: 2025-11-18 15:36:13,687: update_indicator() 'Setting file info to: /home/arthur.wambst/.config/wallpapers/knives_out/glass_onion.png'
ERROR: 2025-11-18 15:36:13,687: save_options() 'Missing or bad thumbs_position option in ui.conf'
Traceback (most recent call last):
  File "/nix/store/x1w5qm65s5rzzzmg08vzzlfc9f148rs9-variety-0.8.13/lib/python3.13/site-packages/variety/ThumbsManager.py", line 436, in save_options
    config.write()
    ~~~~~~~~~~~~^^
  File "/nix/store/8h93ckv7bshxz4mja566yrgj5yf022ii-python3.13-configobj-5.0.9/lib/python3.13/site-packages/configobj/__init__.py", line 2119, in write
    with open(self.filename, 'wb') as h:
         ~~~~^^^^^^^^^^^^^^^^^^^^^
PermissionError: [Errno 13] Permission denied: '/home/arthur.wambst/.config/variety/ui.conf'
ERROR: 2025-11-18 15:36:13,689: save_options() 'Missing or bad thumbs_position option in ui.conf'
Traceback (most recent call last):
  File "/nix/store/x1w5qm65s5rzzzmg08vzzlfc9f148rs9-variety-0.8.13/lib/python3.13/site-packages/variety/ThumbsManager.py", line 436, in save_options
    config.write()
    ~~~~~~~~~~~~^^
  File "/nix/store/8h93ckv7bshxz4mja566yrgj5yf022ii-python3.13-configobj-5.0.9/lib/python3.13/site-packages/configobj/__init__.py", line 2119, in write
    with open(self.filename, 'wb') as h:
         ~~~~^^^^^^^^^^^^^^^^^^^^^
PermissionError: [Errno 13] Permission denied: '/home/arthur.wambst/.config/variety/ui.conf'
INFO: 2025-11-18 15:36:13,729: update_indicator() 'Setting file info to: /home/arthur.wambst/.config/wallpapers/knives_out/glass_onion.png'
INFO: 2025-11-18 15:36:14,223: trigger_download() 'Triggering download thread to check if download needed and possible'
INFO: 2025-11-18 15:36:14,223: trigger_download() 'Triggering download thread to check if download needed and possible'
INFO: 2025-11-18 15:36:14,675: update_indicator() 'Setting file info to: /home/arthur.wambst/.config/wallpapers/knives_out/glass_onion.png'
ERROR: 2025-11-18 15:36:14,676: save_options() 'Missing or bad thumbs_position option in ui.conf'
Traceback (most recent call last):
  File "/nix/store/x1w5qm65s5rzzzmg08vzzlfc9f148rs9-variety-0.8.13/lib/python3.13/site-packages/variety/ThumbsManager.py", line 436, in save_options
    config.write()
    ~~~~~~~~~~~~^^
  File "/nix/store/8h93ckv7bshxz4mja566yrgj5yf022ii-python3.13-configobj-5.0.9/lib/python3.13/site-packages/configobj/__init__.py", line 2119, in write
    with open(self.filename, 'wb') as h:
         ~~~~^^^^^^^^^^^^^^^^^^^^^
PermissionError: [Errno 13] Permission denied: '/home/arthur.wambst/.config/variety/ui.conf'
ERROR: 2025-11-18 15:36:14,678: save_options() 'Missing or bad thumbs_position option in ui.conf'
Traceback (most recent call last):
  File "/nix/store/x1w5qm65s5rzzzmg08vzzlfc9f148rs9-variety-0.8.13/lib/python3.13/site-packages/variety/ThumbsManager.py", line 436, in save_options
    config.write()
    ~~~~~~~~~~~~^^
  File "/nix/store/8h93ckv7bshxz4mja566yrgj5yf022ii-python3.13-configobj-5.0.9/lib/python3.13/site-packages/configobj/__init__.py", line 2119, in write
    with open(self.filename, 'wb') as h:
         ~~~~^^^^^^^^^^^^^^^^^^^^^
PermissionError: [Errno 13] Permission denied: '/home/arthur.wambst/.config/variety/ui.conf'
INFO: 2025-11-18 15:36:15,303: update_indicator() 'Setting file info to: /home/arthur.wambst/.config/wallpapers/knives_out/glass_onion.png'
ERROR: 2025-11-18 15:36:15,304: save_options() 'Missing or bad thumbs_position option in ui.conf'
Traceback (most recent call last):
  File "/nix/store/x1w5qm65s5rzzzmg08vzzlfc9f148rs9-variety-0.8.13/lib/python3.13/site-packages/variety/ThumbsManager.py", line 436, in save_options
    config.write()
    ~~~~~~~~~~~~^^
  File "/nix/store/8h93ckv7bshxz4mja566yrgj5yf022ii-python3.13-configobj-5.0.9/lib/python3.13/site-packages/configobj/__init__.py", line 2119, in write
    with open(self.filename, 'wb') as h:
         ~~~~^^^^^^^^^^^^^^^^^^^^^
PermissionError: [Errno 13] Permission denied: '/home/arthur.wambst/.config/variety/ui.conf'
ERROR: 2025-11-18 15:36:15,306: save_options() 'Missing or bad thumbs_position option in ui.conf'
Traceback (most recent call last):
  File "/nix/store/x1w5qm65s5rzzzmg08vzzlfc9f148rs9-variety-0.8.13/lib/python3.13/site-packages/variety/ThumbsManager.py", line 436, in save_options
    config.write()
    ~~~~~~~~~~~~^^
  File "/nix/store/8h93ckv7bshxz4mja566yrgj5yf022ii-python3.13-configobj-5.0.9/lib/python3.13/site-packages/configobj/__init__.py", line 2119, in write
    with open(self.filename, 'wb') as h:
         ~~~~^^^^^^^^^^^^^^^^^^^^^
PermissionError: [Errno 13] Permission denied: '/home/arthur.wambst/.config/variety/ui.conf'
INFO: 2025-11-18 15:36:15,492: trigger_download() 'Triggering download thread to check if download needed and possible'
INFO: 2025-11-18 15:36:15,492: trigger_download() 'Triggering download thread to check if download needed and possible'
INFO: 2025-11-18 15:36:15,975: update_indicator() 'Setting file info to: /home/arthur.wambst/.config/wallpapers/knives_out/glass_onion.png'
ERROR: 2025-11-18 15:36:15,977: save_options() 'Missing or bad thumbs_position option in ui.conf'
Traceback (most recent call last):
  File "/nix/store/x1w5qm65s5rzzzmg08vzzlfc9f148rs9-variety-0.8.13/lib/python3.13/site-packages/variety/ThumbsManager.py", line 436, in save_options
    config.write()
    ~~~~~~~~~~~~^^
  File "/nix/store/8h93ckv7bshxz4mja566yrgj5yf022ii-python3.13-configobj-5.0.9/lib/python3.13/site-packages/configobj/__init__.py", line 2119, in write
    with open(self.filename, 'wb') as h:
         ~~~~^^^^^^^^^^^^^^^^^^^^^
PermissionError: [Errno 13] Permission denied: '/home/arthur.wambst/.config/variety/ui.conf'
ERROR: 2025-11-18 15:36:15,978: save_options() 'Missing or bad thumbs_position option in ui.conf'
Traceback (most recent call last):
  File "/nix/store/x1w5qm65s5rzzzmg08vzzlfc9f148rs9-variety-0.8.13/lib/python3.13/site-packages/variety/ThumbsManager.py", line 436, in save_options
    config.write()
    ~~~~~~~~~~~~^^
  File "/nix/store/8h93ckv7bshxz4mja566yrgj5yf022ii-python3.13-configobj-5.0.9/lib/python3.13/site-packages/configobj/__init__.py", line 2119, in write
    with open(self.filename, 'wb') as h:
         ~~~~^^^^^^^^^^^^^^^^^^^^^
PermissionError: [Errno 13] Permission denied: '/home/arthur.wambst/.config/variety/ui.conf'
INFO: 2025-11-18 15:36:23,696: apply() 'Applying preferences'
ERROR: 2025-11-18 15:36:23,697: get_xdg_pictures_folder() 'Could not get path to Pictures folder. Defaulting to ~/Pictures.'
Traceback (most recent call last):
  File "/nix/store/x1w5qm65s5rzzzmg08vzzlfc9f148rs9-variety-0.8.13/lib/python3.13/site-packages/variety/Util.py", line 818, in get_xdg_pictures_folder
    raise Exception("Could not get path to Pictures folder. Defaulting to ~/Pictures.")
Exception: Could not get path to Pictures folder. Defaulting to ~/Pictures.
ERROR: 2025-11-18 15:36:23,700: get_xdg_pictures_folder() 'Could not get path to Pictures folder. Defaulting to ~/Pictures.'
Traceback (most recent call last):
  File "/nix/store/x1w5qm65s5rzzzmg08vzzlfc9f148rs9-variety-0.8.13/lib/python3.13/site-packages/variety/Util.py", line 818, in get_xdg_pictures_folder
    raise Exception("Could not get path to Pictures folder. Defaulting to ~/Pictures.")
Exception: Could not get path to Pictures folder. Defaulting to ~/Pictures.
ERROR: 2025-11-18 15:36:23,701: get_xdg_pictures_folder() 'Could not get path to Pictures folder. Defaulting to ~/Pictures.'
Traceback (most recent call last):
  File "/nix/store/x1w5qm65s5rzzzmg08vzzlfc9f148rs9-variety-0.8.13/lib/python3.13/site-packages/variety/Util.py", line 818, in get_xdg_pictures_folder
    raise Exception("Could not get path to Pictures folder. Defaulting to ~/Pictures.")
Exception: Could not get path to Pictures folder. Defaulting to ~/Pictures.
ERROR: 2025-11-18 15:36:23,703: get_xdg_pictures_folder() 'Could not get path to Pictures folder. Defaulting to ~/Pictures.'
Traceback (most recent call last):
  File "/nix/store/x1w5qm65s5rzzzmg08vzzlfc9f148rs9-variety-0.8.13/lib/python3.13/site-packages/variety/Util.py", line 818, in get_xdg_pictures_folder
    raise Exception("Could not get path to Pictures folder. Defaulting to ~/Pictures.")
Exception: Could not get path to Pictures folder. Defaulting to ~/Pictures.
ERROR: 2025-11-18 15:36:23,707: get_xdg_pictures_folder() 'Could not get path to Pictures folder. Defaulting to ~/Pictures.'
Traceback (most recent call last):
  File "/nix/store/x1w5qm65s5rzzzmg08vzzlfc9f148rs9-variety-0.8.13/lib/python3.13/site-packages/variety/Util.py", line 818, in get_xdg_pictures_folder
    raise Exception("Could not get path to Pictures folder. Defaulting to ~/Pictures.")
Exception: Could not get path to Pictures folder. Defaulting to ~/Pictures.
INFO: 2025-11-18 15:36:23,708: log_options() 'Loaded options:'
INFO: 2025-11-18 15:36:23,708: log_options() 'change_enabled = True'
INFO: 2025-11-18 15:36:23,708: log_options() 'change_interval = 300'
INFO: 2025-11-18 15:36:23,708: set_visible() 'Showing indicator icon'
INFO: 2025-11-18 15:36:23,708: log_options() 'change_on_start = False'
INFO: 2025-11-18 15:36:23,708: log_options() 'clipboard_enabled = False'
INFO: 2025-11-18 15:36:23,708: log_options() 'clipboard_hosts = ['wallhaven.cc', 'wallpapers.net', 'flickr.com', 'imgur.com', 'deviantart.com', 'interfacelift.com', 'vladstudio.com', 'imageshack.us', 'deviantart.net', 'imageshack.com']'
INFO: 2025-11-18 15:36:23,708: log_options() 'clipboard_use_whitelist = True'
INFO: 2025-11-18 15:36:23,708: log_options() 'clock_date_font = Serif 30'
INFO: 2025-11-18 15:36:23,708: log_options() 'clock_enabled = False'
INFO: 2025-11-18 15:36:23,708: log_options() 'clock_filter = -density 100 -font `fc-match -f '%{file[0]}' '%CLOCK_FONT_NAME'` -pointsize %CLOCK_FONT_SIZE -gravity SouthEast -fill '#00000044' -annotate 0x0+[%HOFFSET+58]+[%VOFFSET+108] '%H:%M' -fill white -annotate 0x0+[%HOFFSET+60]+[%VOFFSET+110] '%H:%M' -font `fc-match -f '%{file[0]}' '%DATE_FONT_NAME'` -pointsize %DATE_FONT_SIZE -fill '#00000044' -annotate 0x0+[%HOFFSET+58]+[%VOFFSET+58] '%A, %B %d' -fill white -annotate 0x0+[%HOFFSET+60]+[%VOFFSET+60] '%A, %B %d''
INFO: 2025-11-18 15:36:23,708: log_options() 'clock_font = Serif 70'
INFO: 2025-11-18 15:36:23,708: log_options() 'configfile = /home/arthur.wambst/.config/variety/variety.conf'
INFO: 2025-11-18 15:36:23,708: log_options() 'copyto_enabled = True'
INFO: 2025-11-18 15:36:23,708: log_options() 'copyto_folder = /home/arthur.wambst/.cache/betterlockscreen/wallapaper'
INFO: 2025-11-18 15:36:23,708: log_options() 'desired_color = [160, 160, 160]'
INFO: 2025-11-18 15:36:23,708: log_options() 'desired_color_enabled = False'
INFO: 2025-11-18 15:36:23,708: log_options() 'download_folder = /home/arthur.wambst/.config/variety/Downloaded'
INFO: 2025-11-18 15:36:23,708: log_options() 'download_preference_ratio = 0.9'
INFO: 2025-11-18 15:36:23,708: log_options() 'favorites_folder = /home/arthur.wambst/.config/variety/Favorites'
INFO: 2025-11-18 15:36:23,708: log_options() 'favorites_operations = [['Downloaded', 'Copy'], ['Fetched', 'Move'], ['Others', 'Copy']]'
INFO: 2025-11-18 15:36:23,708: log_options() 'fetched_folder = /home/arthur.wambst/.config/variety/Fetched'
INFO: 2025-11-18 15:36:23,708: log_options() 'filters = [[True, 'Keep original', ''], [False, 'Grayscale', '-type Grayscale'], [False, 'Heavy blur', '-scale 20% -blur 0x10 -resize 500%'], [False, 'Soft blur', '-scale 20% -blur 0x2 -resize 500%'], [False, 'Oil painting', '-paint 8'], [False, 'Pointilism', '-spread 10 -noise 3'], [False, 'Pixellate', '-scale 3% -scale 3333%']]'
INFO: 2025-11-18 15:36:23,708: log_options() 'get_wallpaper_script = /home/arthur.wambst/.config/variety/scripts/get_wallpaper'
INFO: 2025-11-18 15:36:23,708: log_options() 'icon = Light'
INFO: 2025-11-18 15:36:23,708: log_options() 'internet_enabled = False'
INFO: 2025-11-18 15:36:23,708: log_options() 'lightness_enabled = False'
INFO: 2025-11-18 15:36:23,708: log_options() 'lightness_mode = 0'
INFO: 2025-11-18 15:36:23,708: log_options() 'min_rating = 4'
INFO: 2025-11-18 15:36:23,708: log_options() 'min_rating_enabled = False'
INFO: 2025-11-18 15:36:23,708: log_options() 'min_size = 80'
INFO: 2025-11-18 15:36:23,708: log_options() 'min_size_enabled = False'
INFO: 2025-11-18 15:36:23,708: log_options() 'name_regex = .*'
INFO: 2025-11-18 15:36:23,708: log_options() 'name_regex_enabled = False'
INFO: 2025-11-18 15:36:23,708: log_options() 'quota_enabled = True'
INFO: 2025-11-18 15:36:23,709: log_options() 'quota_size = 1000'
INFO: 2025-11-18 15:36:23,709: log_options() 'quotes_authors = '
INFO: 2025-11-18 15:36:23,709: log_options() 'quotes_bg_color = [80, 80, 80]'
INFO: 2025-11-18 15:36:23,709: log_options() 'quotes_bg_opacity = 0'
INFO: 2025-11-18 15:36:23,709: log_options() 'quotes_change_enabled = False'
INFO: 2025-11-18 15:36:23,709: log_options() 'quotes_change_interval = 300'
INFO: 2025-11-18 15:36:23,709: log_options() 'quotes_disabled_sources = ['Local text files', 'Urban Dictionary']'
INFO: 2025-11-18 15:36:23,709: set_from_theme_icon() 'Showing indicator icon variety-indicator from GTK theme'
INFO: 2025-11-18 15:36:23,709: log_options() 'quotes_enabled = False'
INFO: 2025-11-18 15:36:23,709: log_options() 'quotes_favorites_file = /home/arthur.wambst/.config/variety/favorite_quotes.txt'
INFO: 2025-11-18 15:36:23,709: log_options() 'quotes_font = Serif Italic 7'
INFO: 2025-11-18 15:36:23,709: log_options() 'quotes_hpos = 0'
INFO: 2025-11-18 15:36:23,709: log_options() 'quotes_max_length = 250'
INFO: 2025-11-18 15:36:23,709: log_options() 'quotes_tags = funny'
INFO: 2025-11-18 15:36:23,709: log_options() 'quotes_text_color = [255, 255, 255]'
INFO: 2025-11-18 15:36:23,709: log_options() 'quotes_text_shadow = False'
INFO: 2025-11-18 15:36:23,709: log_options() 'quotes_vpos = 100'
INFO: 2025-11-18 15:36:23,709: log_options() 'quotes_width = 61'
INFO: 2025-11-18 15:36:23,709: log_options() 'safe_mode = False'
INFO: 2025-11-18 15:36:23,709: log_options() 'set_wallpaper_script = /home/arthur.wambst/.config/variety/scripts/set_wallpaper'
INFO: 2025-11-18 15:36:23,709: log_options() 'slideshow_custom_enabled = False'
INFO: 2025-11-18 15:36:23,709: log_options() 'slideshow_custom_folder = /home/arthur.wambst/Pictures'
INFO: 2025-11-18 15:36:23,709: log_options() 'slideshow_downloads_enabled = False'
INFO: 2025-11-18 15:36:23,709: log_options() 'slideshow_fade = 0.4'
INFO: 2025-11-18 15:36:23,709: log_options() 'slideshow_favorites_enabled = True'
INFO: 2025-11-18 15:36:23,709: log_options() 'slideshow_mode = Fullscreen'
INFO: 2025-11-18 15:36:23,709: log_options() 'slideshow_monitor = All'
INFO: 2025-11-18 15:36:23,709: log_options() 'slideshow_pan = 0.05'
INFO: 2025-11-18 15:36:23,709: log_options() 'slideshow_seconds = 6.0'
INFO: 2025-11-18 15:36:23,709: log_options() 'slideshow_sort_order = Random'
INFO: 2025-11-18 15:36:23,709: log_options() 'slideshow_sources_enabled = True'
INFO: 2025-11-18 15:36:23,709: log_options() 'slideshow_zoom = 0.2'
INFO: 2025-11-18 15:36:23,709: log_options() 'smart_enabled = False'
INFO: 2025-11-18 15:36:23,709: log_options() 'smart_notice_shown = False'
INFO: 2025-11-18 15:36:23,709: log_options() 'smart_register_shown = False'
INFO: 2025-11-18 15:36:23,709: log_options() 'sources = [[False, 'favorites', 'The Favorites folder'], [False, 'fetched', 'The Fetched folder'], [False, 'folder', '/usr/share/backgrounds'], [False, 'flickr', 'user:www.flickr.com/photos/peter-levi/;user_id:93647178@N00;'], [False, 'apod', "NASA's Astronomy Picture of the Day"], [False, 'bing', 'Bing Photo of the Day'], [False, 'earthview', 'Google Earth View Wallpapers'], [False, 'natgeo', "National Geographic's photo of the day"], [False, 'unsplash', 'High-resolution photos from Unsplash.com'], [True, 'folder', '/home/arthur.wambst/.config/wallpapers/knives_out'], [False, 'folder', '/home/arthur.wambst/.config/wallpapers'], [True, 'folder', '/home/arthur.wambst/.config/wallpapers/urban'], [True, 'folder', '/home/arthur.wambst/.config/wallpapers/noel'], [False, 'folder', '/home/arthur.wambst/.config/wallpapers/asm']]'
INFO: 2025-11-18 15:36:23,709: log_options() 'stats_enabled = True'
INFO: 2025-11-18 15:36:23,709: log_options() 'stats_notice_shown = False'
INFO: 2025-11-18 15:36:23,709: log_options() 'sync_enabled = True'
INFO: 2025-11-18 15:36:23,709: log_options() 'use_landscape_enabled = True'
INFO: 2025-11-18 15:36:23,709: log_options() 'wallhaven_api_key = '
INFO: 2025-11-18 15:36:23,709: log_options() 'wallpaper_auto_rotate = False'
INFO: 2025-11-18 15:36:23,709: log_options() 'wallpaper_display_mode = fill-with-black'
INFO: 2025-11-18 15:36:23,709: clear_prepared_queue() 'Clearing prepared queue'
INFO: 2025-11-18 15:36:23,709: update_indicator() 'Setting file info to: /home/arthur.wambst/.config/wallpapers/knives_out/glass_onion.png'
INFO: 2025-11-18 15:36:23,709: prepare_thread() 'Prepared buffer contains 0 images'
INFO: 2025-11-18 15:36:23,710: prepare_thread() 'Preparing some images'
INFO: 2025-11-18 15:36:23,711: prepare_thread() 'After search prepared buffer contains 7 images'
INFO: 2025-11-18 15:36:23,711: prepare_thread() 'Prepared buffer contains 7 images'
INFO: 2025-11-18 15:36:23,811: do_set_wp() 'Calling do_set_wp with /home/arthur.wambst/.config/wallpapers/knives_out/glass_onion.png, time: 1763476583.8112402'
INFO: 2025-11-18 15:36:23,812: apply_display_mode() 'ImageMagick display mode cmd: convert /home/arthur.wambst/.config/wallpapers/knives_out/glass_onion.png -resize 1920x1080 -size 1920x1080 xc:black +swap -gravity center -composite /home/arthur.wambst/.config/variety/wallpaper/wallpaper-zoomed-bb296bc7e713eb5101b614a123a5a920.jpg'
INFO: 2025-11-18 15:36:23,897: update_indicator() 'Setting file info to: /home/arthur.wambst/.config/wallpapers/knives_out/glass_onion.png'
ERROR: 2025-11-18 15:36:23,898: save_options() 'Missing or bad thumbs_position option in ui.conf'
Traceback (most recent call last):
  File "/nix/store/x1w5qm65s5rzzzmg08vzzlfc9f148rs9-variety-0.8.13/lib/python3.13/site-packages/variety/ThumbsManager.py", line 436, in save_options
    config.write()
    ~~~~~~~~~~~~^^
  File "/nix/store/8h93ckv7bshxz4mja566yrgj5yf022ii-python3.13-configobj-5.0.9/lib/python3.13/site-packages/configobj/__init__.py", line 2119, in write
    with open(self.filename, 'wb') as h:
         ~~~~^^^^^^^^^^^^^^^^^^^^^
PermissionError: [Errno 13] Permission denied: '/home/arthur.wambst/.config/variety/ui.conf'
ERROR: 2025-11-18 15:36:23,900: save_options() 'Missing or bad thumbs_position option in ui.conf'
Traceback (most recent call last):
  File "/nix/store/x1w5qm65s5rzzzmg08vzzlfc9f148rs9-variety-0.8.13/lib/python3.13/site-packages/variety/ThumbsManager.py", line 436, in save_options
    config.write()
    ~~~~~~~~~~~~^^
  File "/nix/store/8h93ckv7bshxz4mja566yrgj5yf022ii-python3.13-configobj-5.0.9/lib/python3.13/site-packages/configobj/__init__.py", line 2119, in write
    with open(self.filename, 'wb') as h:
         ~~~~^^^^^^^^^^^^^^^^^^^^^
PermissionError: [Errno 13] Permission denied: '/home/arthur.wambst/.config/variety/ui.conf'
INFO: 2025-11-18 15:36:23,950: update_indicator() 'Setting file info to: /home/arthur.wambst/.config/wallpapers/knives_out/glass_onion.png'
INFO: 2025-11-18 15:36:25,711: trigger_download() 'Triggering download thread to check if download needed and possible'
INFO: 2025-11-18 15:36:25,711: trigger_download() 'Triggering download thread to check if download needed and possible'
INFO: 2025-11-18 15:36:26,390: update_indicator() 'Setting file info to: /home/arthur.wambst/.config/wallpapers/knives_out/glass_onion.png'
ERROR: 2025-11-18 15:36:26,391: save_options() 'Missing or bad thumbs_position option in ui.conf'
Traceback (most recent call last):
  File "/nix/store/x1w5qm65s5rzzzmg08vzzlfc9f148rs9-variety-0.8.13/lib/python3.13/site-packages/variety/ThumbsManager.py", line 436, in save_options
    config.write()
    ~~~~~~~~~~~~^^
  File "/nix/store/8h93ckv7bshxz4mja566yrgj5yf022ii-python3.13-configobj-5.0.9/lib/python3.13/site-packages/configobj/__init__.py", line 2119, in write
    with open(self.filename, 'wb') as h:
         ~~~~^^^^^^^^^^^^^^^^^^^^^
PermissionError: [Errno 13] Permission denied: '/home/arthur.wambst/.config/variety/ui.conf'
ERROR: 2025-11-18 15:36:26,396: save_options() 'Missing or bad thumbs_position option in ui.conf'
Traceback (most recent call last):
  File "/nix/store/x1w5qm65s5rzzzmg08vzzlfc9f148rs9-variety-0.8.13/lib/python3.13/site-packages/variety/ThumbsManager.py", line 436, in save_options
    config.write()
    ~~~~~~~~~~~~^^
  File "/nix/store/8h93ckv7bshxz4mja566yrgj5yf022ii-python3.13-configobj-5.0.9/lib/python3.13/site-packages/configobj/__init__.py", line 2119, in write
    with open(self.filename, 'wb') as h:
         ~~~~^^^^^^^^^^^^^^^^^^^^^
PermissionError: [Errno 13] Permission denied: '/home/arthur.wambst/.config/variety/ui.conf'
INFO: 2025-11-18 15:36:27,493: update_indicator() 'Setting file info to: /home/arthur.wambst/.config/wallpapers/knives_out/glass_onion.png'
ERROR: 2025-11-18 15:36:27,494: save_options() 'Missing or bad thumbs_position option in ui.conf'
Traceback (most recent call last):
  File "/nix/store/x1w5qm65s5rzzzmg08vzzlfc9f148rs9-variety-0.8.13/lib/python3.13/site-packages/variety/ThumbsManager.py", line 436, in save_options
    config.write()
    ~~~~~~~~~~~~^^
  File "/nix/store/8h93ckv7bshxz4mja566yrgj5yf022ii-python3.13-configobj-5.0.9/lib/python3.13/site-packages/configobj/__init__.py", line 2119, in write
    with open(self.filename, 'wb') as h:
         ~~~~^^^^^^^^^^^^^^^^^^^^^
PermissionError: [Errno 13] Permission denied: '/home/arthur.wambst/.config/variety/ui.conf'
ERROR: 2025-11-18 15:36:27,495: save_options() 'Missing or bad thumbs_position option in ui.conf'
Traceback (most recent call last):
  File "/nix/store/x1w5qm65s5rzzzmg08vzzlfc9f148rs9-variety-0.8.13/lib/python3.13/site-packages/variety/ThumbsManager.py", line 436, in save_options
    config.write()
    ~~~~~~~~~~~~^^
  File "/nix/store/8h93ckv7bshxz4mja566yrgj5yf022ii-python3.13-configobj-5.0.9/lib/python3.13/site-packages/configobj/__init__.py", line 2119, in write
    with open(self.filename, 'wb') as h:
         ~~~~^^^^^^^^^^^^^^^^^^^^^
PermissionError: [Errno 13] Permission denied: '/home/arthur.wambst/.config/variety/ui.conf'
INFO: 2025-11-18 15:36:27,924: update_indicator() 'Setting file info to: /home/arthur.wambst/.config/wallpapers/knives_out/glass_onion.png'
ERROR: 2025-11-18 15:36:27,926: save_options() 'Missing or bad thumbs_position option in ui.conf'
Traceback (most recent call last):
  File "/nix/store/x1w5qm65s5rzzzmg08vzzlfc9f148rs9-variety-0.8.13/lib/python3.13/site-packages/variety/ThumbsManager.py", line 436, in save_options
    config.write()
    ~~~~~~~~~~~~^^
  File "/nix/store/8h93ckv7bshxz4mja566yrgj5yf022ii-python3.13-configobj-5.0.9/lib/python3.13/site-packages/configobj/__init__.py", line 2119, in write
    with open(self.filename, 'wb') as h:
         ~~~~^^^^^^^^^^^^^^^^^^^^^
PermissionError: [Errno 13] Permission denied: '/home/arthur.wambst/.config/variety/ui.conf'
ERROR: 2025-11-18 15:36:27,927: save_options() 'Missing or bad thumbs_position option in ui.conf'
Traceback (most recent call last):
  File "/nix/store/x1w5qm65s5rzzzmg08vzzlfc9f148rs9-variety-0.8.13/lib/python3.13/site-packages/variety/ThumbsManager.py", line 436, in save_options
    config.write()
    ~~~~~~~~~~~~^^
  File "/nix/store/8h93ckv7bshxz4mja566yrgj5yf022ii-python3.13-configobj-5.0.9/lib/python3.13/site-packages/configobj/__init__.py", line 2119, in write
    with open(self.filename, 'wb') as h:
         ~~~~^^^^^^^^^^^^^^^^^^^^^
PermissionError: [Errno 13] Permission denied: '/home/arthur.wambst/.config/variety/ui.conf'
INFO: 2025-11-18 15:36:35,691: trigger_download() 'Triggering download thread to check if download needed and possible'
INFO: 2025-11-18 15:36:35,691: update_indicator() 'Setting file info to: /home/arthur.wambst/.config/wallpapers/knives_out/glass_onion.png'
INFO: 2025-11-18 15:36:35,791: apply() 'Applying preferences'
ERROR: 2025-11-18 15:36:35,792: get_xdg_pictures_folder() 'Could not get path to Pictures folder. Defaulting to ~/Pictures.'
Traceback (most recent call last):
  File "/nix/store/x1w5qm65s5rzzzmg08vzzlfc9f148rs9-variety-0.8.13/lib/python3.13/site-packages/variety/Util.py", line 818, in get_xdg_pictures_folder
    raise Exception("Could not get path to Pictures folder. Defaulting to ~/Pictures.")
Exception: Could not get path to Pictures folder. Defaulting to ~/Pictures.
ERROR: 2025-11-18 15:36:35,796: get_xdg_pictures_folder() 'Could not get path to Pictures folder. Defaulting to ~/Pictures.'
Traceback (most recent call last):
  File "/nix/store/x1w5qm65s5rzzzmg08vzzlfc9f148rs9-variety-0.8.13/lib/python3.13/site-packages/variety/Util.py", line 818, in get_xdg_pictures_folder
    raise Exception("Could not get path to Pictures folder. Defaulting to ~/Pictures.")
Exception: Could not get path to Pictures folder. Defaulting to ~/Pictures.
ERROR: 2025-11-18 15:36:35,798: get_xdg_pictures_folder() 'Could not get path to Pictures folder. Defaulting to ~/Pictures.'
Traceback (most recent call last):
  File "/nix/store/x1w5qm65s5rzzzmg08vzzlfc9f148rs9-variety-0.8.13/lib/python3.13/site-packages/variety/Util.py", line 818, in get_xdg_pictures_folder
    raise Exception("Could not get path to Pictures folder. Defaulting to ~/Pictures.")
Exception: Could not get path to Pictures folder. Defaulting to ~/Pictures.
ERROR: 2025-11-18 15:36:35,799: get_xdg_pictures_folder() 'Could not get path to Pictures folder. Defaulting to ~/Pictures.'
Traceback (most recent call last):
  File "/nix/store/x1w5qm65s5rzzzmg08vzzlfc9f148rs9-variety-0.8.13/lib/python3.13/site-packages/variety/Util.py", line 818, in get_xdg_pictures_folder
    raise Exception("Could not get path to Pictures folder. Defaulting to ~/Pictures.")
Exception: Could not get path to Pictures folder. Defaulting to ~/Pictures.
ERROR: 2025-11-18 15:36:35,799: get_xdg_pictures_folder() 'Could not get path to Pictures folder. Defaulting to ~/Pictures.'
Traceback (most recent call last):
  File "/nix/store/x1w5qm65s5rzzzmg08vzzlfc9f148rs9-variety-0.8.13/lib/python3.13/site-packages/variety/Util.py", line 818, in get_xdg_pictures_folder
    raise Exception("Could not get path to Pictures folder. Defaulting to ~/Pictures.")
Exception: Could not get path to Pictures folder. Defaulting to ~/Pictures.
INFO: 2025-11-18 15:36:35,800: log_options() 'Loaded options:'
INFO: 2025-11-18 15:36:35,800: set_visible() 'Showing indicator icon'
INFO: 2025-11-18 15:36:35,800: log_options() 'change_enabled = True'
INFO: 2025-11-18 15:36:35,800: log_options() 'change_interval = 300'
INFO: 2025-11-18 15:36:35,800: set_from_theme_icon() 'Showing indicator icon variety-indicator from GTK theme'
INFO: 2025-11-18 15:36:35,800: log_options() 'change_on_start = False'
INFO: 2025-11-18 15:36:35,800: log_options() 'clipboard_enabled = False'
INFO: 2025-11-18 15:36:35,800: log_options() 'clipboard_hosts = ['wallhaven.cc', 'wallpapers.net', 'flickr.com', 'imgur.com', 'deviantart.com', 'interfacelift.com', 'vladstudio.com', 'imageshack.us', 'deviantart.net', 'imageshack.com']'
INFO: 2025-11-18 15:36:35,800: log_options() 'clipboard_use_whitelist = True'
INFO: 2025-11-18 15:36:35,800: log_options() 'clock_date_font = Serif 30'
INFO: 2025-11-18 15:36:35,800: log_options() 'clock_enabled = False'
INFO: 2025-11-18 15:36:35,800: log_options() 'clock_filter = -density 100 -font `fc-match -f '%{file[0]}' '%CLOCK_FONT_NAME'` -pointsize %CLOCK_FONT_SIZE -gravity SouthEast -fill '#00000044' -annotate 0x0+[%HOFFSET+58]+[%VOFFSET+108] '%H:%M' -fill white -annotate 0x0+[%HOFFSET+60]+[%VOFFSET+110] '%H:%M' -font `fc-match -f '%{file[0]}' '%DATE_FONT_NAME'` -pointsize %DATE_FONT_SIZE -fill '#00000044' -annotate 0x0+[%HOFFSET+58]+[%VOFFSET+58] '%A, %B %d' -fill white -annotate 0x0+[%HOFFSET+60]+[%VOFFSET+60] '%A, %B %d''
INFO: 2025-11-18 15:36:35,800: log_options() 'clock_font = Serif 70'
INFO: 2025-11-18 15:36:35,800: log_options() 'configfile = /home/arthur.wambst/.config/variety/variety.conf'
INFO: 2025-11-18 15:36:35,800: log_options() 'copyto_enabled = True'
INFO: 2025-11-18 15:36:35,800: log_options() 'copyto_folder = /home/arthur.wambst/.cache/betterlockscreen/wallapaper'
INFO: 2025-11-18 15:36:35,800: log_options() 'desired_color = [160, 160, 160]'
INFO: 2025-11-18 15:36:35,800: log_options() 'desired_color_enabled = False'
INFO: 2025-11-18 15:36:35,800: log_options() 'download_folder = /home/arthur.wambst/.config/variety/Downloaded'
INFO: 2025-11-18 15:36:35,800: log_options() 'download_preference_ratio = 0.9'
INFO: 2025-11-18 15:36:35,800: log_options() 'favorites_folder = /home/arthur.wambst/.config/variety/Favorites'
INFO: 2025-11-18 15:36:35,800: log_options() 'favorites_operations = [['Downloaded', 'Copy'], ['Fetched', 'Move'], ['Others', 'Copy']]'
INFO: 2025-11-18 15:36:35,800: log_options() 'fetched_folder = /home/arthur.wambst/.config/variety/Fetched'
INFO: 2025-11-18 15:36:35,800: log_options() 'filters = [[True, 'Keep original', ''], [False, 'Grayscale', '-type Grayscale'], [False, 'Heavy blur', '-scale 20% -blur 0x10 -resize 500%'], [False, 'Soft blur', '-scale 20% -blur 0x2 -resize 500%'], [False, 'Oil painting', '-paint 8'], [False, 'Pointilism', '-spread 10 -noise 3'], [False, 'Pixellate', '-scale 3% -scale 3333%']]'
INFO: 2025-11-18 15:36:35,800: log_options() 'get_wallpaper_script = /home/arthur.wambst/.config/variety/scripts/get_wallpaper'
INFO: 2025-11-18 15:36:35,800: log_options() 'icon = Light'
INFO: 2025-11-18 15:36:35,800: log_options() 'internet_enabled = False'
INFO: 2025-11-18 15:36:35,800: log_options() 'lightness_enabled = False'
INFO: 2025-11-18 15:36:35,800: log_options() 'lightness_mode = 0'
INFO: 2025-11-18 15:36:35,800: log_options() 'min_rating = 4'
INFO: 2025-11-18 15:36:35,800: log_options() 'min_rating_enabled = False'
INFO: 2025-11-18 15:36:35,800: log_options() 'min_size = 80'
INFO: 2025-11-18 15:36:35,800: log_options() 'min_size_enabled = False'
INFO: 2025-11-18 15:36:35,800: log_options() 'name_regex = .*'
INFO: 2025-11-18 15:36:35,800: log_options() 'name_regex_enabled = False'
INFO: 2025-11-18 15:36:35,800: log_options() 'quota_enabled = True'
INFO: 2025-11-18 15:36:35,800: log_options() 'quota_size = 1000'
INFO: 2025-11-18 15:36:35,800: log_options() 'quotes_authors = '
INFO: 2025-11-18 15:36:35,800: log_options() 'quotes_bg_color = [80, 80, 80]'
INFO: 2025-11-18 15:36:35,800: log_options() 'quotes_bg_opacity = 0'
INFO: 2025-11-18 15:36:35,800: log_options() 'quotes_change_enabled = False'
INFO: 2025-11-18 15:36:35,800: log_options() 'quotes_change_interval = 300'
INFO: 2025-11-18 15:36:35,800: log_options() 'quotes_disabled_sources = ['Local text files', 'Urban Dictionary']'
INFO: 2025-11-18 15:36:35,800: log_options() 'quotes_enabled = False'
INFO: 2025-11-18 15:36:35,800: log_options() 'quotes_favorites_file = /home/arthur.wambst/.config/variety/favorite_quotes.txt'
INFO: 2025-11-18 15:36:35,800: log_options() 'quotes_font = Serif Italic 7'
INFO: 2025-11-18 15:36:35,800: log_options() 'quotes_hpos = 0'
INFO: 2025-11-18 15:36:35,800: log_options() 'quotes_max_length = 250'
INFO: 2025-11-18 15:36:35,800: log_options() 'quotes_tags = funny'
INFO: 2025-11-18 15:36:35,800: log_options() 'quotes_text_color = [255, 255, 255]'
INFO: 2025-11-18 15:36:35,800: log_options() 'quotes_text_shadow = False'
INFO: 2025-11-18 15:36:35,800: log_options() 'quotes_vpos = 100'
INFO: 2025-11-18 15:36:35,800: log_options() 'quotes_width = 61'
INFO: 2025-11-18 15:36:35,800: log_options() 'safe_mode = False'
INFO: 2025-11-18 15:36:35,800: log_options() 'set_wallpaper_script = /home/arthur.wambst/.config/variety/scripts/set_wallpaper'
INFO: 2025-11-18 15:36:35,800: log_options() 'slideshow_custom_enabled = False'
INFO: 2025-11-18 15:36:35,800: log_options() 'slideshow_custom_folder = /home/arthur.wambst/Pictures'
INFO: 2025-11-18 15:36:35,800: log_options() 'slideshow_downloads_enabled = False'
INFO: 2025-11-18 15:36:35,800: log_options() 'slideshow_fade = 0.4'
INFO: 2025-11-18 15:36:35,800: log_options() 'slideshow_favorites_enabled = True'
INFO: 2025-11-18 15:36:35,800: log_options() 'slideshow_mode = Fullscreen'
INFO: 2025-11-18 15:36:35,800: log_options() 'slideshow_monitor = All'
INFO: 2025-11-18 15:36:35,800: log_options() 'slideshow_pan = 0.05'
INFO: 2025-11-18 15:36:35,800: log_options() 'slideshow_seconds = 6.0'
INFO: 2025-11-18 15:36:35,800: log_options() 'slideshow_sort_order = Random'
INFO: 2025-11-18 15:36:35,800: log_options() 'slideshow_sources_enabled = True'
INFO: 2025-11-18 15:36:35,800: log_options() 'slideshow_zoom = 0.2'
INFO: 2025-11-18 15:36:35,800: log_options() 'smart_enabled = False'
INFO: 2025-11-18 15:36:35,801: log_options() 'smart_notice_shown = False'
INFO: 2025-11-18 15:36:35,801: log_options() 'smart_register_shown = False'
INFO: 2025-11-18 15:36:35,801: log_options() 'sources = [[False, 'favorites', 'The Favorites folder'], [False, 'fetched', 'The Fetched folder'], [False, 'folder', '/usr/share/backgrounds'], [False, 'flickr', 'user:www.flickr.com/photos/peter-levi/;user_id:93647178@N00;'], [False, 'apod', "NASA's Astronomy Picture of the Day"], [False, 'bing', 'Bing Photo of the Day'], [False, 'earthview', 'Google Earth View Wallpapers'], [False, 'natgeo', "National Geographic's photo of the day"], [False, 'unsplash', 'High-resolution photos from Unsplash.com'], [True, 'folder', '/home/arthur.wambst/.config/wallpapers/knives_out'], [False, 'folder', '/home/arthur.wambst/.config/wallpapers'], [True, 'folder', '/home/arthur.wambst/.config/wallpapers/urban'], [True, 'folder', '/home/arthur.wambst/.config/wallpapers/noel'], [False, 'folder', '/home/arthur.wambst/.config/wallpapers/asm']]'
INFO: 2025-11-18 15:36:35,801: log_options() 'stats_enabled = True'
INFO: 2025-11-18 15:36:35,801: log_options() 'stats_notice_shown = False'
INFO: 2025-11-18 15:36:35,801: log_options() 'sync_enabled = True'
INFO: 2025-11-18 15:36:35,801: log_options() 'use_landscape_enabled = True'
INFO: 2025-11-18 15:36:35,801: log_options() 'wallhaven_api_key = '
INFO: 2025-11-18 15:36:35,801: log_options() 'wallpaper_auto_rotate = False'
INFO: 2025-11-18 15:36:35,801: log_options() 'wallpaper_display_mode = fill-with-black'
INFO: 2025-11-18 15:36:35,801: reload_config() 'No need to clear prepared queue'
INFO: 2025-11-18 15:36:35,801: update_indicator() 'Setting file info to: /home/arthur.wambst/.config/wallpapers/knives_out/glass_onion.png'
INFO: 2025-11-18 15:36:35,801: prepare_thread() 'Prepared buffer contains 7 images'
INFO: 2025-11-18 15:36:35,902: do_set_wp() 'Calling do_set_wp with /home/arthur.wambst/.config/wallpapers/knives_out/glass_onion.png, time: 1763476595.9026942'
INFO: 2025-11-18 15:36:35,904: apply_display_mode() 'ImageMagick display mode cmd: convert /home/arthur.wambst/.config/wallpapers/knives_out/glass_onion.png -resize 1920x1080 -size 1920x1080 xc:black +swap -gravity center -composite /home/arthur.wambst/.config/variety/wallpaper/wallpaper-zoomed-2aebe24c5cae913ce455e6ddf722f303.jpg'
INFO: 2025-11-18 15:36:36,034: update_indicator() 'Setting file info to: /home/arthur.wambst/.config/wallpapers/knives_out/glass_onion.png'
INFO: 2025-11-18 15:36:37,802: trigger_download() 'Triggering download thread to check if download needed and possible'
